#usda 1.0
(
    defaultPrim = "TowerShell"
    metersPerUnit = 1
    upAxis = "Y"
)

# GENERATED by tools/generate_tower_shell.py — do not hand-edit.
# 8.8 m across, 5.486400000000001 m to eaves, 9.886400000000002 m apex.
# Window 1.3 m wide at 55.0deg (your right), 0.4-3.6 m.
# Authored user-relative: origin = your seat, -Z = the desk, +X = your right.

def Xform "TowerShell"
{
    def Material "FloorMat"
    {
        token outputs:surface.connect = </TowerShell/FloorMat/Surface.outputs:surface>
        def Shader "stReader"
        {
            uniform token info:id = "UsdPrimvarReader_float2"
            token inputs:varname = "st"
            float2 outputs:result
        }
        def Shader "diffuseTex"
        {
            uniform token info:id = "UsdUVTexture"
            asset inputs:file = @textures/floor_diff.jpg@
            float2 inputs:st.connect = </TowerShell/FloorMat/stReader.outputs:result>
            token inputs:wrapS = "repeat"
            token inputs:wrapT = "repeat"
            float4 inputs:scale = (1.0, 1.0, 1.0, 1)
            float3 outputs:rgb
        }
        def Shader "normalTex"
        {
            uniform token info:id = "UsdUVTexture"
            asset inputs:file = @textures/floor_nor.jpg@
            float2 inputs:st.connect = </TowerShell/FloorMat/stReader.outputs:result>
            token inputs:wrapS = "repeat"
            token inputs:wrapT = "repeat"
            token inputs:sourceColorSpace = "raw"
            float4 inputs:scale = (2, 2, 2, 1)
            float4 inputs:bias = (-1, -1, -1, 0)
            float3 outputs:rgb
        }
        def Shader "roughTex"
        {
            uniform token info:id = "UsdUVTexture"
            asset inputs:file = @textures/floor_rough.jpg@
            float2 inputs:st.connect = </TowerShell/FloorMat/stReader.outputs:result>
            token inputs:wrapS = "repeat"
            token inputs:wrapT = "repeat"
            token inputs:sourceColorSpace = "raw"
            float outputs:r
        }
        def Shader "Surface"
        {
            uniform token info:id = "UsdPreviewSurface"
            color3f inputs:diffuseColor.connect = </TowerShell/FloorMat/diffuseTex.outputs:rgb>
            normal3f inputs:normal.connect = </TowerShell/FloorMat/normalTex.outputs:rgb>
            float inputs:roughness.connect = </TowerShell/FloorMat/roughTex.outputs:r>
            float inputs:metallic = 0
            token outputs:surface
        }
    }
    def Mesh "Floor"
    {
        uniform bool doubleSided = 1
        float3[] extent = [(-4.4000, 0.0000, -1.2600), (4.4000, 0.0000, 7.5400)]
        int[] faceVertexCounts = [3, 3, 3, 3, 3, 3, 3, 3, 3, 3, 3, 3, 3, 3, 3, 3, 3, 3, 3, 3, 3, 3, 3, 3, 3, 3, 3, 3, 3, 3, 3, 3, 3, 3, 3, 3, 3, 3, 3, 3, 3, 3, 3, 3, 3, 3, 3, 3, 3, 3, 3, 3, 3, 3, 3, 3, 3, 3, 3, 3, 3, 3, 3, 3, 3, 3, 3, 3, 3, 3, 3, 3, 3, 3, 3, 3, 3, 3, 3, 3, 3, 3, 3, 3, 3, 3, 3, 3, 3, 3, 3, 3, 3, 3, 3, 3]
        int[] faceVertexIndices = [0, 1, 2, 3, 4, 5, 6, 7, 8, 9, 10, 11, 12, 13, 14, 15, 16, 17, 18, 19, 20, 21, 22, 23, 24, 25, 26, 27, 28, 29, 30, 31, 32, 33, 34, 35, 36, 37, 38, 39, 40, 41, 42, 43, 44, 45, 46, 47, 48, 49, 50, 51, 52, 53, 54, 55, 56, 57, 58, 59, 60, 61, 62, 63, 64, 65, 66, 67, 68, 69, 70, 71, 72, 73, 74, 75, 76, 77, 78, 79, 80, 81, 82, 83, 84, 85, 86, 87, 88, 89, 90, 91, 92, 93, 94, 95, 96, 97, 98, 99, 100, 101, 102, 103, 104, 105, 106, 107, 108, 109, 110, 111, 112, 113, 114, 115, 116, 117, 118, 119, 120, 121, 122, 123, 124, 125, 126, 127, 128, 129, 130, 131, 132, 133, 134, 135, 136, 137, 138, 139, 140, 141, 142, 143, 144, 145, 146, 147, 148, 149, 150, 151, 152, 153, 154, 155, 156, 157, 158, 159, 160, 161, 162, 163, 164, 165, 166, 167, 168, 169, 170, 171, 172, 173, 174, 175, 176, 177, 178, 179, 180, 181, 182, 183, 184, 185, 186, 187, 188, 189, 190, 191, 192, 193, 194, 195, 196, 197, 198, 199, 200, 201, 202, 203, 204, 205, 206, 207, 208, 209, 210, 211, 212, 213, 214, 215, 216, 217, 218, 219, 220, 221, 222, 223, 224, 225, 226, 227, 228, 229, 230, 231, 232, 233, 234, 235, 236, 237, 238, 239, 240, 241, 242, 243, 244, 245, 246, 247, 248, 249, 250, 251, 252, 253, 254, 255, 256, 257, 258, 259, 260, 261, 262, 263, 264, 265, 266, 267, 268, 269, 270, 271, 272, 273, 274, 275, 276, 277, 278, 279, 280, 281, 282, 283, 284, 285, 286, 287]
        point3f[] points = [(0.0000, 0.0000, 3.1400), (0.0000, 0.0000, -1.2600), (0.2878, 0.0000, -1.2506), (0.0000, 0.0000, 3.1400), (0.2878, 0.0000, -1.2506), (0.5743, 0.0000, -1.2224), (0.0000, 0.0000, 3.1400), (0.5743, 0.0000, -1.2224), (0.8584, 0.0000, -1.1755), (0.0000, 0.0000, 3.1400), (0.8584, 0.0000, -1.1755), (1.1388, 0.0000, -1.1101), (0.0000, 0.0000, 3.1400), (1.1388, 0.0000, -1.1101), (1.4143, 0.0000, -1.0265), (0.0000, 0.0000, 3.1400), (1.4143, 0.0000, -1.0265), (1.6838, 0.0000, -0.9251), (0.0000, 0.0000, 3.1400), (1.6838, 0.0000, -0.9251), (1.9461, 0.0000, -0.8062), (0.0000, 0.0000, 3.1400), (1.9461, 0.0000, -0.8062), (2.2000, 0.0000, -0.6705), (0.0000, 0.0000, 3.1400), (2.2000, 0.0000, -0.6705), (2.4445, 0.0000, -0.5185), (0.0000, 0.0000, 3.1400), (2.4445, 0.0000, -0.5185), (2.6786, 0.0000, -0.3508), (0.0000, 0.0000, 3.1400), (2.6786, 0.0000, -0.3508), (2.9011, 0.0000, -0.1681), (0.0000, 0.0000, 3.1400), (2.9011, 0.0000, -0.1681), (3.1113, 0.0000, 0.0287), (0.0000, 0.0000, 3.1400), (3.1113, 0.0000, 0.0287), (3.3081, 0.0000, 0.2389), (0.0000, 0.0000, 3.1400), (3.3081, 0.0000, 0.2389), (3.4908, 0.0000, 0.4614), (0.0000, 0.0000, 3.1400), (3.4908, 0.0000, 0.4614), (3.6585, 0.0000, 0.6955), (0.0000, 0.0000, 3.1400), (3.6585, 0.0000, 0.6955), (3.8105, 0.0000, 0.9400), (0.0000, 0.0000, 3.1400), (3.8105, 0.0000, 0.9400), (3.9462, 0.0000, 1.1939), (0.0000, 0.0000, 3.1400), (3.9462, 0.0000, 1.1939), (4.0651, 0.0000, 1.4562), (0.0000, 0.0000, 3.1400), (4.0651, 0.0000, 1.4562), (4.1665, 0.0000, 1.7257), (0.0000, 0.0000, 3.1400), (4.1665, 0.0000, 1.7257), (4.2501, 0.0000, 2.0012), (0.0000, 0.0000, 3.1400), (4.2501, 0.0000, 2.0012), (4.3155, 0.0000, 2.2816), (0.0000, 0.0000, 3.1400), (4.3155, 0.0000, 2.2816), (4.3624, 0.0000, 2.5657), (0.0000, 0.0000, 3.1400), (4.3624, 0.0000, 2.5657), (4.3906, 0.0000, 2.8522), (0.0000, 0.0000, 3.1400), (4.3906, 0.0000, 2.8522), (4.4000, 0.0000, 3.1400), (0.0000, 0.0000, 3.1400), (4.4000, 0.0000, 3.1400), (4.3906, 0.0000, 3.4278), (0.0000, 0.0000, 3.1400), (4.3906, 0.0000, 3.4278), (4.3624, 0.0000, 3.7143), (0.0000, 0.0000, 3.1400), (4.3624, 0.0000, 3.7143), (4.3155, 0.0000, 3.9984), (0.0000, 0.0000, 3.1400), (4.3155, 0.0000, 3.9984), (4.2501, 0.0000, 4.2788), (0.0000, 0.0000, 3.1400), (4.2501, 0.0000, 4.2788), (4.1665, 0.0000, 4.5543), (0.0000, 0.0000, 3.1400), (4.1665, 0.0000, 4.5543), (4.0651, 0.0000, 4.8238), (0.0000, 0.0000, 3.1400), (4.0651, 0.0000, 4.8238), (3.9462, 0.0000, 5.0861), (0.0000, 0.0000, 3.1400), (3.9462, 0.0000, 5.0861), (3.8105, 0.0000, 5.3400), (0.0000, 0.0000, 3.1400), (3.8105, 0.0000, 5.3400), (3.6585, 0.0000, 5.5845), (0.0000, 0.0000, 3.1400), (3.6585, 0.0000, 5.5845), (3.4908, 0.0000, 5.8186), (0.0000, 0.0000, 3.1400), (3.4908, 0.0000, 5.8186), (3.3081, 0.0000, 6.0411), (0.0000, 0.0000, 3.1400), (3.3081, 0.0000, 6.0411), (3.1113, 0.0000, 6.2513), (0.0000, 0.0000, 3.1400), (3.1113, 0.0000, 6.2513), (2.9011, 0.0000, 6.4481), (0.0000, 0.0000, 3.1400), (2.9011, 0.0000, 6.4481), (2.6786, 0.0000, 6.6308), (0.0000, 0.0000, 3.1400), (2.6786, 0.0000, 6.6308), (2.4445, 0.0000, 6.7985), (0.0000, 0.0000, 3.1400), (2.4445, 0.0000, 6.7985), (2.2000, 0.0000, 6.9505), (0.0000, 0.0000, 3.1400), (2.2000, 0.0000, 6.9505), (1.9461, 0.0000, 7.0862), (0.0000, 0.0000, 3.1400), (1.9461, 0.0000, 7.0862), (1.6838, 0.0000, 7.2051), (0.0000, 0.0000, 3.1400), (1.6838, 0.0000, 7.2051), (1.4143, 0.0000, 7.3065), (0.0000, 0.0000, 3.1400), (1.4143, 0.0000, 7.3065), (1.1388, 0.0000, 7.3901), (0.0000, 0.0000, 3.1400), (1.1388, 0.0000, 7.3901), (0.8584, 0.0000, 7.4555), (0.0000, 0.0000, 3.1400), (0.8584, 0.0000, 7.4555), (0.5743, 0.0000, 7.5024), (0.0000, 0.0000, 3.1400), (0.5743, 0.0000, 7.5024), (0.2878, 0.0000, 7.5306), (0.0000, 0.0000, 3.1400), (0.2878, 0.0000, 7.5306), (0.0000, 0.0000, 7.5400), (0.0000, 0.0000, 3.1400), (0.0000, 0.0000, 7.5400), (-0.2878, 0.0000, 7.5306), (0.0000, 0.0000, 3.1400), (-0.2878, 0.0000, 7.5306), (-0.5743, 0.0000, 7.5024), (0.0000, 0.0000, 3.1400), (-0.5743, 0.0000, 7.5024), (-0.8584, 0.0000, 7.4555), (0.0000, 0.0000, 3.1400), (-0.8584, 0.0000, 7.4555), (-1.1388, 0.0000, 7.3901), (0.0000, 0.0000, 3.1400), (-1.1388, 0.0000, 7.3901), (-1.4143, 0.0000, 7.3065), (0.0000, 0.0000, 3.1400), (-1.4143, 0.0000, 7.3065), (-1.6838, 0.0000, 7.2051), (0.0000, 0.0000, 3.1400), (-1.6838, 0.0000, 7.2051), (-1.9461, 0.0000, 7.0862), (0.0000, 0.0000, 3.1400), (-1.9461, 0.0000, 7.0862), (-2.2000, 0.0000, 6.9505), (0.0000, 0.0000, 3.1400), (-2.2000, 0.0000, 6.9505), (-2.4445, 0.0000, 6.7985), (0.0000, 0.0000, 3.1400), (-2.4445, 0.0000, 6.7985), (-2.6786, 0.0000, 6.6308), (0.0000, 0.0000, 3.1400), (-2.6786, 0.0000, 6.6308), (-2.9011, 0.0000, 6.4481), (0.0000, 0.0000, 3.1400), (-2.9011, 0.0000, 6.4481), (-3.1113, 0.0000, 6.2513), (0.0000, 0.0000, 3.1400), (-3.1113, 0.0000, 6.2513), (-3.3081, 0.0000, 6.0411), (0.0000, 0.0000, 3.1400), (-3.3081, 0.0000, 6.0411), (-3.4908, 0.0000, 5.8186), (0.0000, 0.0000, 3.1400), (-3.4908, 0.0000, 5.8186), (-3.6585, 0.0000, 5.5845), (0.0000, 0.0000, 3.1400), (-3.6585, 0.0000, 5.5845), (-3.8105, 0.0000, 5.3400), (0.0000, 0.0000, 3.1400), (-3.8105, 0.0000, 5.3400), (-3.9462, 0.0000, 5.0861), (0.0000, 0.0000, 3.1400), (-3.9462, 0.0000, 5.0861), (-4.0651, 0.0000, 4.8238), (0.0000, 0.0000, 3.1400), (-4.0651, 0.0000, 4.8238), (-4.1665, 0.0000, 4.5543), (0.0000, 0.0000, 3.1400), (-4.1665, 0.0000, 4.5543), (-4.2501, 0.0000, 4.2788), (0.0000, 0.0000, 3.1400), (-4.2501, 0.0000, 4.2788), (-4.3155, 0.0000, 3.9984), (0.0000, 0.0000, 3.1400), (-4.3155, 0.0000, 3.9984), (-4.3624, 0.0000, 3.7143), (0.0000, 0.0000, 3.1400), (-4.3624, 0.0000, 3.7143), (-4.3906, 0.0000, 3.4278), (0.0000, 0.0000, 3.1400), (-4.3906, 0.0000, 3.4278), (-4.4000, 0.0000, 3.1400), (0.0000, 0.0000, 3.1400), (-4.4000, 0.0000, 3.1400), (-4.3906, 0.0000, 2.8522), (0.0000, 0.0000, 3.1400), (-4.3906, 0.0000, 2.8522), (-4.3624, 0.0000, 2.5657), (0.0000, 0.0000, 3.1400), (-4.3624, 0.0000, 2.5657), (-4.3155, 0.0000, 2.2816), (0.0000, 0.0000, 3.1400), (-4.3155, 0.0000, 2.2816), (-4.2501, 0.0000, 2.0012), (0.0000, 0.0000, 3.1400), (-4.2501, 0.0000, 2.0012), (-4.1665, 0.0000, 1.7257), (0.0000, 0.0000, 3.1400), (-4.1665, 0.0000, 1.7257), (-4.0651, 0.0000, 1.4562), (0.0000, 0.0000, 3.1400), (-4.0651, 0.0000, 1.4562), (-3.9462, 0.0000, 1.1939), (0.0000, 0.0000, 3.1400), (-3.9462, 0.0000, 1.1939), (-3.8105, 0.0000, 0.9400), (0.0000, 0.0000, 3.1400), (-3.8105, 0.0000, 0.9400), (-3.6585, 0.0000, 0.6955), (0.0000, 0.0000, 3.1400), (-3.6585, 0.0000, 0.6955), (-3.4908, 0.0000, 0.4614), (0.0000, 0.0000, 3.1400), (-3.4908, 0.0000, 0.4614), (-3.3081, 0.0000, 0.2389), (0.0000, 0.0000, 3.1400), (-3.3081, 0.0000, 0.2389), (-3.1113, 0.0000, 0.0287), (0.0000, 0.0000, 3.1400), (-3.1113, 0.0000, 0.0287), (-2.9011, 0.0000, -0.1681), (0.0000, 0.0000, 3.1400), (-2.9011, 0.0000, -0.1681), (-2.6786, 0.0000, -0.3508), (0.0000, 0.0000, 3.1400), (-2.6786, 0.0000, -0.3508), (-2.4445, 0.0000, -0.5185), (0.0000, 0.0000, 3.1400), (-2.4445, 0.0000, -0.5185), (-2.2000, 0.0000, -0.6705), (0.0000, 0.0000, 3.1400), (-2.2000, 0.0000, -0.6705), (-1.9461, 0.0000, -0.8062), (0.0000, 0.0000, 3.1400), (-1.9461, 0.0000, -0.8062), (-1.6838, 0.0000, -0.9251), (0.0000, 0.0000, 3.1400), (-1.6838, 0.0000, -0.9251), (-1.4143, 0.0000, -1.0265), (0.0000, 0.0000, 3.1400), (-1.4143, 0.0000, -1.0265), (-1.1388, 0.0000, -1.1101), (0.0000, 0.0000, 3.1400), (-1.1388, 0.0000, -1.1101), (-0.8584, 0.0000, -1.1755), (0.0000, 0.0000, 3.1400), (-0.8584, 0.0000, -1.1755), (-0.5743, 0.0000, -1.2224), (0.0000, 0.0000, 3.1400), (-0.5743, 0.0000, -1.2224), (-0.2878, 0.0000, -1.2506), (0.0000, 0.0000, 3.1400), (-0.2878, 0.0000, -1.2506), (-0.0000, 0.0000, -1.2600)]
        normal3f[] normals = [(0.0000, 1.0000, 0.0000), (0.0000, 1.0000, 0.0000), (0.0000, 1.0000, 0.0000), (0.0000, 1.0000, 0.0000), (0.0000, 1.0000, 0.0000), (0.0000, 1.0000, 0.0000), (0.0000, 1.0000, 0.0000), (0.0000, 1.0000, 0.0000), (0.0000, 1.0000, 0.0000), (0.0000, 1.0000, 0.0000), (0.0000, 1.0000, 0.0000), (0.0000, 1.0000, 0.0000), (0.0000, 1.0000, 0.0000), (0.0000, 1.0000, 0.0000), (0.0000, 1.0000, 0.0000), (0.0000, 1.0000, 0.0000), (0.0000, 1.0000, 0.0000), (0.0000, 1.0000, 0.0000), (0.0000, 1.0000, 0.0000), (0.0000, 1.0000, 0.0000), (0.0000, 1.0000, 0.0000), (0.0000, 1.0000, 0.0000), (0.0000, 1.0000, 0.0000), (0.0000, 1.0000, 0.0000), (0.0000, 1.0000, 0.0000), (0.0000, 1.0000, 0.0000), (0.0000, 1.0000, 0.0000), (0.0000, 1.0000, 0.0000), (0.0000, 1.0000, 0.0000), (0.0000, 1.0000, 0.0000), (0.0000, 1.0000, 0.0000), (0.0000, 1.0000, 0.0000), (0.0000, 1.0000, 0.0000), (0.0000, 1.0000, 0.0000), (0.0000, 1.0000, 0.0000), (0.0000, 1.0000, 0.0000), (0.0000, 1.0000, 0.0000), (0.0000, 1.0000, 0.0000), (0.0000, 1.0000, 0.0000), (0.0000, 1.0000, 0.0000), (0.0000, 1.0000, 0.0000), (0.0000, 1.0000, 0.0000), (0.0000, 1.0000, 0.0000), (0.0000, 1.0000, 0.0000), (0.0000, 1.0000, 0.0000), (0.0000, 1.0000, 0.0000), (0.0000, 1.0000, 0.0000), (0.0000, 1.0000, 0.0000), (0.0000, 1.0000, 0.0000), (0.0000, 1.0000, 0.0000), (0.0000, 1.0000, 0.0000), (0.0000, 1.0000, 0.0000), (0.0000, 1.0000, 0.0000), (0.0000, 1.0000, 0.0000), (0.0000, 1.0000, 0.0000), (0.0000, 1.0000, 0.0000), (0.0000, 1.0000, 0.0000), (0.0000, 1.0000, 0.0000), (0.0000, 1.0000, 0.0000), (0.0000, 1.0000, 0.0000), (0.0000, 1.0000, 0.0000), (0.0000, 1.0000, 0.0000), (0.0000, 1.0000, 0.0000), (0.0000, 1.0000, 0.0000), (0.0000, 1.0000, 0.0000), (0.0000, 1.0000, 0.0000), (0.0000, 1.0000, 0.0000), (0.0000, 1.0000, 0.0000), (0.0000, 1.0000, 0.0000), (0.0000, 1.0000, 0.0000), (0.0000, 1.0000, 0.0000), (0.0000, 1.0000, 0.0000), (0.0000, 1.0000, 0.0000), (0.0000, 1.0000, 0.0000), (0.0000, 1.0000, 0.0000), (0.0000, 1.0000, 0.0000), (0.0000, 1.0000, 0.0000), (0.0000, 1.0000, 0.0000), (0.0000, 1.0000, 0.0000), (0.0000, 1.0000, 0.0000), (0.0000, 1.0000, 0.0000), (0.0000, 1.0000, 0.0000), (0.0000, 1.0000, 0.0000), (0.0000, 1.0000, 0.0000), (0.0000, 1.0000, 0.0000), (0.0000, 1.0000, 0.0000), (0.0000, 1.0000, 0.0000), (0.0000, 1.0000, 0.0000), (0.0000, 1.0000, 0.0000), (0.0000, 1.0000, 0.0000), (0.0000, 1.0000, 0.0000), (0.0000, 1.0000, 0.0000), (0.0000, 1.0000, 0.0000), (0.0000, 1.0000, 0.0000), (0.0000, 1.0000, 0.0000), (0.0000, 1.0000, 0.0000), (0.0000, 1.0000, 0.0000), (0.0000, 1.0000, 0.0000), (0.0000, 1.0000, 0.0000), (0.0000, 1.0000, 0.0000), (0.0000, 1.0000, 0.0000), (0.0000, 1.0000, 0.0000), (0.0000, 1.0000, 0.0000), (0.0000, 1.0000, 0.0000), (0.0000, 1.0000, 0.0000), (0.0000, 1.0000, 0.0000), (0.0000, 1.0000, 0.0000), (0.0000, 1.0000, 0.0000), (0.0000, 1.0000, 0.0000), (0.0000, 1.0000, 0.0000), (0.0000, 1.0000, 0.0000), (0.0000, 1.0000, 0.0000), (0.0000, 1.0000, 0.0000), (0.0000, 1.0000, 0.0000), (0.0000, 1.0000, 0.0000), (0.0000, 1.0000, 0.0000), (0.0000, 1.0000, 0.0000), (0.0000, 1.0000, 0.0000), (0.0000, 1.0000, 0.0000), (0.0000, 1.0000, 0.0000), (0.0000, 1.0000, 0.0000), (0.0000, 1.0000, 0.0000), (0.0000, 1.0000, 0.0000), (0.0000, 1.0000, 0.0000), (0.0000, 1.0000, 0.0000), (0.0000, 1.0000, 0.0000), (0.0000, 1.0000, 0.0000), (0.0000, 1.0000, 0.0000), (0.0000, 1.0000, 0.0000), (0.0000, 1.0000, 0.0000), (0.0000, 1.0000, 0.0000), (0.0000, 1.0000, 0.0000), (0.0000, 1.0000, 0.0000), (0.0000, 1.0000, 0.0000), (0.0000, 1.0000, 0.0000), (0.0000, 1.0000, 0.0000), (0.0000, 1.0000, 0.0000), (0.0000, 1.0000, 0.0000), (0.0000, 1.0000, 0.0000), (0.0000, 1.0000, 0.0000), (0.0000, 1.0000, 0.0000), (0.0000, 1.0000, 0.0000), (0.0000, 1.0000, 0.0000), (0.0000, 1.0000, 0.0000), (0.0000, 1.0000, 0.0000), (0.0000, 1.0000, 0.0000), (0.0000, 1.0000, 0.0000), (0.0000, 1.0000, 0.0000), (0.0000, 1.0000, 0.0000), (0.0000, 1.0000, 0.0000), (0.0000, 1.0000, 0.0000), (0.0000, 1.0000, 0.0000), (0.0000, 1.0000, 0.0000), (0.0000, 1.0000, 0.0000), (0.0000, 1.0000, 0.0000), (0.0000, 1.0000, 0.0000), (0.0000, 1.0000, 0.0000), (0.0000, 1.0000, 0.0000), (0.0000, 1.0000, 0.0000), (0.0000, 1.0000, 0.0000), (0.0000, 1.0000, 0.0000), (0.0000, 1.0000, 0.0000), (0.0000, 1.0000, 0.0000), (0.0000, 1.0000, 0.0000), (0.0000, 1.0000, 0.0000), (0.0000, 1.0000, 0.0000), (0.0000, 1.0000, 0.0000), (0.0000, 1.0000, 0.0000), (0.0000, 1.0000, 0.0000), (0.0000, 1.0000, 0.0000), (0.0000, 1.0000, 0.0000), (0.0000, 1.0000, 0.0000), (0.0000, 1.0000, 0.0000), (0.0000, 1.0000, 0.0000), (0.0000, 1.0000, 0.0000), (0.0000, 1.0000, 0.0000), (0.0000, 1.0000, 0.0000), (0.0000, 1.0000, 0.0000), (0.0000, 1.0000, 0.0000), (0.0000, 1.0000, 0.0000), (0.0000, 1.0000, 0.0000), (0.0000, 1.0000, 0.0000), (0.0000, 1.0000, 0.0000), (0.0000, 1.0000, 0.0000), (0.0000, 1.0000, 0.0000), (0.0000, 1.0000, 0.0000), (0.0000, 1.0000, 0.0000), (0.0000, 1.0000, 0.0000), (0.0000, 1.0000, 0.0000), (0.0000, 1.0000, 0.0000), (0.0000, 1.0000, 0.0000), (0.0000, 1.0000, 0.0000), (0.0000, 1.0000, 0.0000), (0.0000, 1.0000, 0.0000), (0.0000, 1.0000, 0.0000), (0.0000, 1.0000, 0.0000), (0.0000, 1.0000, 0.0000), (0.0000, 1.0000, 0.0000), (0.0000, 1.0000, 0.0000), (0.0000, 1.0000, 0.0000), (0.0000, 1.0000, 0.0000), (0.0000, 1.0000, 0.0000), (0.0000, 1.0000, 0.0000), (0.0000, 1.0000, 0.0000), (0.0000, 1.0000, 0.0000), (0.0000, 1.0000, 0.0000), (0.0000, 1.0000, 0.0000), (0.0000, 1.0000, 0.0000), (0.0000, 1.0000, 0.0000), (0.0000, 1.0000, 0.0000), (0.0000, 1.0000, 0.0000), (0.0000, 1.0000, 0.0000), (0.0000, 1.0000, 0.0000), (0.0000, 1.0000, 0.0000), (0.0000, 1.0000, 0.0000), (0.0000, 1.0000, 0.0000), (0.0000, 1.0000, 0.0000), (0.0000, 1.0000, 0.0000), (0.0000, 1.0000, 0.0000), (0.0000, 1.0000, 0.0000), (0.0000, 1.0000, 0.0000), (0.0000, 1.0000, 0.0000), (0.0000, 1.0000, 0.0000), (0.0000, 1.0000, 0.0000), (0.0000, 1.0000, 0.0000), (0.0000, 1.0000, 0.0000), (0.0000, 1.0000, 0.0000), (0.0000, 1.0000, 0.0000), (0.0000, 1.0000, 0.0000), (0.0000, 1.0000, 0.0000), (0.0000, 1.0000, 0.0000), (0.0000, 1.0000, 0.0000), (0.0000, 1.0000, 0.0000), (0.0000, 1.0000, 0.0000), (0.0000, 1.0000, 0.0000), (0.0000, 1.0000, 0.0000), (0.0000, 1.0000, 0.0000), (0.0000, 1.0000, 0.0000), (0.0000, 1.0000, 0.0000), (0.0000, 1.0000, 0.0000), (0.0000, 1.0000, 0.0000), (0.0000, 1.0000, 0.0000), (0.0000, 1.0000, 0.0000), (0.0000, 1.0000, 0.0000), (0.0000, 1.0000, 0.0000), (0.0000, 1.0000, 0.0000), (0.0000, 1.0000, 0.0000), (0.0000, 1.0000, 0.0000), (0.0000, 1.0000, 0.0000), (0.0000, 1.0000, 0.0000), (0.0000, 1.0000, 0.0000), (0.0000, 1.0000, 0.0000), (0.0000, 1.0000, 0.0000), (0.0000, 1.0000, 0.0000), (0.0000, 1.0000, 0.0000), (0.0000, 1.0000, 0.0000), (0.0000, 1.0000, 0.0000), (0.0000, 1.0000, 0.0000), (0.0000, 1.0000, 0.0000), (0.0000, 1.0000, 0.0000), (0.0000, 1.0000, 0.0000), (0.0000, 1.0000, 0.0000), (0.0000, 1.0000, 0.0000), (0.0000, 1.0000, 0.0000), (0.0000, 1.0000, 0.0000), (0.0000, 1.0000, 0.0000), (0.0000, 1.0000, 0.0000), (0.0000, 1.0000, 0.0000), (0.0000, 1.0000, 0.0000), (0.0000, 1.0000, 0.0000), (0.0000, 1.0000, 0.0000), (0.0000, 1.0000, 0.0000), (0.0000, 1.0000, 0.0000), (0.0000, 1.0000, 0.0000), (0.0000, 1.0000, 0.0000), (0.0000, 1.0000, 0.0000), (0.0000, 1.0000, 0.0000), (0.0000, 1.0000, 0.0000), (0.0000, 1.0000, 0.0000), (0.0000, 1.0000, 0.0000), (0.0000, 1.0000, 0.0000), (0.0000, 1.0000, 0.0000), (0.0000, 1.0000, 0.0000), (0.0000, 1.0000, 0.0000), (0.0000, 1.0000, 0.0000), (0.0000, 1.0000, 0.0000), (0.0000, 1.0000, 0.0000), (0.0000, 1.0000, 0.0000)] (interpolation = "vertex")
        texCoord2f[] primvars:st = [(0.0000, 1.5700), (0.0000, -0.6300), (0.1439, -0.6253), (0.0000, 1.5700), (0.1439, -0.6253), (0.2872, -0.6112), (0.0000, 1.5700), (0.2872, -0.6112), (0.4292, -0.5877), (0.0000, 1.5700), (0.4292, -0.5877), (0.5694, -0.5550), (0.0000, 1.5700), (0.5694, -0.5550), (0.7072, -0.5132), (0.0000, 1.5700), (0.7072, -0.5132), (0.8419, -0.4625), (0.0000, 1.5700), (0.8419, -0.4625), (0.9730, -0.4031), (0.0000, 1.5700), (0.9730, -0.4031), (1.1000, -0.3353), (0.0000, 1.5700), (1.1000, -0.3353), (1.2223, -0.2592), (0.0000, 1.5700), (1.2223, -0.2592), (1.3393, -0.1754), (0.0000, 1.5700), (1.3393, -0.1754), (1.4506, -0.0840), (0.0000, 1.5700), (1.4506, -0.0840), (1.5556, 0.0144), (0.0000, 1.5700), (1.5556, 0.0144), (1.6540, 0.1194), (0.0000, 1.5700), (1.6540, 0.1194), (1.7454, 0.2307), (0.0000, 1.5700), (1.7454, 0.2307), (1.8292, 0.3477), (0.0000, 1.5700), (1.8292, 0.3477), (1.9053, 0.4700), (0.0000, 1.5700), (1.9053, 0.4700), (1.9731, 0.5970), (0.0000, 1.5700), (1.9731, 0.5970), (2.0325, 0.7281), (0.0000, 1.5700), (2.0325, 0.7281), (2.0832, 0.8628), (0.0000, 1.5700), (2.0832, 0.8628), (2.1250, 1.0006), (0.0000, 1.5700), (2.1250, 1.0006), (2.1577, 1.1408), (0.0000, 1.5700), (2.1577, 1.1408), (2.1812, 1.2828), (0.0000, 1.5700), (2.1812, 1.2828), (2.1953, 1.4261), (0.0000, 1.5700), (2.1953, 1.4261), (2.2000, 1.5700), (0.0000, 1.5700), (2.2000, 1.5700), (2.1953, 1.7139), (0.0000, 1.5700), (2.1953, 1.7139), (2.1812, 1.8572), (0.0000, 1.5700), (2.1812, 1.8572), (2.1577, 1.9992), (0.0000, 1.5700), (2.1577, 1.9992), (2.1250, 2.1394), (0.0000, 1.5700), (2.1250, 2.1394), (2.0832, 2.2772), (0.0000, 1.5700), (2.0832, 2.2772), (2.0325, 2.4119), (0.0000, 1.5700), (2.0325, 2.4119), (1.9731, 2.5430), (0.0000, 1.5700), (1.9731, 2.5430), (1.9053, 2.6700), (0.0000, 1.5700), (1.9053, 2.6700), (1.8292, 2.7923), (0.0000, 1.5700), (1.8292, 2.7923), (1.7454, 2.9093), (0.0000, 1.5700), (1.7454, 2.9093), (1.6540, 3.0206), (0.0000, 1.5700), (1.6540, 3.0206), (1.5556, 3.1256), (0.0000, 1.5700), (1.5556, 3.1256), (1.4506, 3.2240), (0.0000, 1.5700), (1.4506, 3.2240), (1.3393, 3.3154), (0.0000, 1.5700), (1.3393, 3.3154), (1.2223, 3.3992), (0.0000, 1.5700), (1.2223, 3.3992), (1.1000, 3.4753), (0.0000, 1.5700), (1.1000, 3.4753), (0.9730, 3.5431), (0.0000, 1.5700), (0.9730, 3.5431), (0.8419, 3.6025), (0.0000, 1.5700), (0.8419, 3.6025), (0.7072, 3.6532), (0.0000, 1.5700), (0.7072, 3.6532), (0.5694, 3.6950), (0.0000, 1.5700), (0.5694, 3.6950), (0.4292, 3.7277), (0.0000, 1.5700), (0.4292, 3.7277), (0.2872, 3.7512), (0.0000, 1.5700), (0.2872, 3.7512), (0.1439, 3.7653), (0.0000, 1.5700), (0.1439, 3.7653), (0.0000, 3.7700), (0.0000, 1.5700), (0.0000, 3.7700), (-0.1439, 3.7653), (0.0000, 1.5700), (-0.1439, 3.7653), (-0.2872, 3.7512), (0.0000, 1.5700), (-0.2872, 3.7512), (-0.4292, 3.7277), (0.0000, 1.5700), (-0.4292, 3.7277), (-0.5694, 3.6950), (0.0000, 1.5700), (-0.5694, 3.6950), (-0.7072, 3.6532), (0.0000, 1.5700), (-0.7072, 3.6532), (-0.8419, 3.6025), (0.0000, 1.5700), (-0.8419, 3.6025), (-0.9730, 3.5431), (0.0000, 1.5700), (-0.9730, 3.5431), (-1.1000, 3.4753), (0.0000, 1.5700), (-1.1000, 3.4753), (-1.2223, 3.3992), (0.0000, 1.5700), (-1.2223, 3.3992), (-1.3393, 3.3154), (0.0000, 1.5700), (-1.3393, 3.3154), (-1.4506, 3.2240), (0.0000, 1.5700), (-1.4506, 3.2240), (-1.5556, 3.1256), (0.0000, 1.5700), (-1.5556, 3.1256), (-1.6540, 3.0206), (0.0000, 1.5700), (-1.6540, 3.0206), (-1.7454, 2.9093), (0.0000, 1.5700), (-1.7454, 2.9093), (-1.8292, 2.7923), (0.0000, 1.5700), (-1.8292, 2.7923), (-1.9053, 2.6700), (0.0000, 1.5700), (-1.9053, 2.6700), (-1.9731, 2.5430), (0.0000, 1.5700), (-1.9731, 2.5430), (-2.0325, 2.4119), (0.0000, 1.5700), (-2.0325, 2.4119), (-2.0832, 2.2772), (0.0000, 1.5700), (-2.0832, 2.2772), (-2.1250, 2.1394), (0.0000, 1.5700), (-2.1250, 2.1394), (-2.1577, 1.9992), (0.0000, 1.5700), (-2.1577, 1.9992), (-2.1812, 1.8572), (0.0000, 1.5700), (-2.1812, 1.8572), (-2.1953, 1.7139), (0.0000, 1.5700), (-2.1953, 1.7139), (-2.2000, 1.5700), (0.0000, 1.5700), (-2.2000, 1.5700), (-2.1953, 1.4261), (0.0000, 1.5700), (-2.1953, 1.4261), (-2.1812, 1.2828), (0.0000, 1.5700), (-2.1812, 1.2828), (-2.1577, 1.1408), (0.0000, 1.5700), (-2.1577, 1.1408), (-2.1250, 1.0006), (0.0000, 1.5700), (-2.1250, 1.0006), (-2.0832, 0.8628), (0.0000, 1.5700), (-2.0832, 0.8628), (-2.0325, 0.7281), (0.0000, 1.5700), (-2.0325, 0.7281), (-1.9731, 0.5970), (0.0000, 1.5700), (-1.9731, 0.5970), (-1.9053, 0.4700), (0.0000, 1.5700), (-1.9053, 0.4700), (-1.8292, 0.3477), (0.0000, 1.5700), (-1.8292, 0.3477), (-1.7454, 0.2307), (0.0000, 1.5700), (-1.7454, 0.2307), (-1.6540, 0.1194), (0.0000, 1.5700), (-1.6540, 0.1194), (-1.5556, 0.0144), (0.0000, 1.5700), (-1.5556, 0.0144), (-1.4506, -0.0840), (0.0000, 1.5700), (-1.4506, -0.0840), (-1.3393, -0.1754), (0.0000, 1.5700), (-1.3393, -0.1754), (-1.2223, -0.2592), (0.0000, 1.5700), (-1.2223, -0.2592), (-1.1000, -0.3353), (0.0000, 1.5700), (-1.1000, -0.3353), (-0.9730, -0.4031), (0.0000, 1.5700), (-0.9730, -0.4031), (-0.8419, -0.4625), (0.0000, 1.5700), (-0.8419, -0.4625), (-0.7072, -0.5132), (0.0000, 1.5700), (-0.7072, -0.5132), (-0.5694, -0.5550), (0.0000, 1.5700), (-0.5694, -0.5550), (-0.4292, -0.5877), (0.0000, 1.5700), (-0.4292, -0.5877), (-0.2872, -0.6112), (0.0000, 1.5700), (-0.2872, -0.6112), (-0.1439, -0.6253), (0.0000, 1.5700), (-0.1439, -0.6253), (-0.0000, -0.6300)] (
            interpolation = "vertex"
        )
        color3f[] primvars:displayColor = [(0.28, 0.26, 0.24)]
        rel material:binding = </TowerShell/FloorMat>
        uniform token subdivisionScheme = "none"
    }
    def Material "WallMat"
    {
        token outputs:surface.connect = </TowerShell/WallMat/Surface.outputs:surface>
        def Shader "stReader"
        {
            uniform token info:id = "UsdPrimvarReader_float2"
            token inputs:varname = "st"
            float2 outputs:result
        }
        def Shader "diffuseTex"
        {
            uniform token info:id = "UsdUVTexture"
            asset inputs:file = @textures/wall_diff.jpg@
            float2 inputs:st.connect = </TowerShell/WallMat/stReader.outputs:result>
            token inputs:wrapS = "repeat"
            token inputs:wrapT = "repeat"
            float4 inputs:scale = (0.58, 0.68, 0.88, 1)
            float3 outputs:rgb
        }
        def Shader "normalTex"
        {
            uniform token info:id = "UsdUVTexture"
            asset inputs:file = @textures/wall_nor.jpg@
            float2 inputs:st.connect = </TowerShell/WallMat/stReader.outputs:result>
            token inputs:wrapS = "repeat"
            token inputs:wrapT = "repeat"
            token inputs:sourceColorSpace = "raw"
            float4 inputs:scale = (2, 2, 2, 1)
            float4 inputs:bias = (-1, -1, -1, 0)
            float3 outputs:rgb
        }
        def Shader "roughTex"
        {
            uniform token info:id = "UsdUVTexture"
            asset inputs:file = @textures/wall_rough.jpg@
            float2 inputs:st.connect = </TowerShell/WallMat/stReader.outputs:result>
            token inputs:wrapS = "repeat"
            token inputs:wrapT = "repeat"
            token inputs:sourceColorSpace = "raw"
            float outputs:r
        }
        def Shader "Surface"
        {
            uniform token info:id = "UsdPreviewSurface"
            color3f inputs:diffuseColor.connect = </TowerShell/WallMat/diffuseTex.outputs:rgb>
            normal3f inputs:normal.connect = </TowerShell/WallMat/normalTex.outputs:rgb>
            float inputs:roughness.connect = </TowerShell/WallMat/roughTex.outputs:r>
            float inputs:metallic = 0
            token outputs:surface
        }
    }
    def Mesh "Wall"
    {
        uniform bool doubleSided = 1
        float3[] extent = [(-4.4000, 0.0000, -1.2600), (4.4000, 5.4864, 7.5400)]
        int[] faceVertexCounts = [4, 4, 4, 4, 4, 4, 4, 4, 4, 4, 4, 4, 4, 4, 4, 4, 4, 4, 4, 4, 4, 4, 4, 4, 4, 4, 4, 4, 4, 4, 4, 4, 4, 4, 4, 4, 4, 4, 4, 4, 4, 4, 4, 4, 4, 4, 4, 4, 4, 4, 4, 4, 4, 4, 4, 4, 4, 4, 4, 4, 4, 4, 4, 4, 4, 4, 4, 4, 4, 4, 4, 4, 4, 4, 4, 4, 4, 4, 4, 4, 4, 4, 4, 4, 4, 4, 4, 4, 4, 4, 4, 4, 4, 4, 4, 4, 4, 4, 4, 4, 4]
        int[] faceVertexIndices = [0, 1, 2, 3, 4, 5, 6, 7, 8, 9, 10, 11, 12, 13, 14, 15, 16, 17, 18, 19, 20, 21, 22, 23, 24, 25, 26, 27, 28, 29, 30, 31, 32, 33, 34, 35, 36, 37, 38, 39, 40, 41, 42, 43, 44, 45, 46, 47, 48, 49, 50, 51, 52, 53, 54, 55, 56, 57, 58, 59, 60, 61, 62, 63, 64, 65, 66, 67, 68, 69, 70, 71, 72, 73, 74, 75, 76, 77, 78, 79, 80, 81, 82, 83, 84, 85, 86, 87, 88, 89, 90, 91, 92, 93, 94, 95, 96, 97, 98, 99, 100, 101, 102, 103, 104, 105, 106, 107, 108, 109, 110, 111, 112, 113, 114, 115, 116, 117, 118, 119, 120, 121, 122, 123, 124, 125, 126, 127, 128, 129, 130, 131, 132, 133, 134, 135, 136, 137, 138, 139, 140, 141, 142, 143, 144, 145, 146, 147, 148, 149, 150, 151, 152, 153, 154, 155, 156, 157, 158, 159, 160, 161, 162, 163, 164, 165, 166, 167, 168, 169, 170, 171, 172, 173, 174, 175, 176, 177, 178, 179, 180, 181, 182, 183, 184, 185, 186, 187, 188, 189, 190, 191, 192, 193, 194, 195, 196, 197, 198, 199, 200, 201, 202, 203, 204, 205, 206, 207, 208, 209, 210, 211, 212, 213, 214, 215, 216, 217, 218, 219, 220, 221, 222, 223, 224, 225, 226, 227, 228, 229, 230, 231, 232, 233, 234, 235, 236, 237, 238, 239, 240, 241, 242, 243, 244, 245, 246, 247, 248, 249, 250, 251, 252, 253, 254, 255, 256, 257, 258, 259, 260, 261, 262, 263, 264, 265, 266, 267, 268, 269, 270, 271, 272, 273, 274, 275, 276, 277, 278, 279, 280, 281, 282, 283, 284, 285, 286, 287, 288, 289, 290, 291, 292, 293, 294, 295, 296, 297, 298, 299, 300, 301, 302, 303, 304, 305, 306, 307, 308, 309, 310, 311, 312, 313, 314, 315, 316, 317, 318, 319, 320, 321, 322, 323, 324, 325, 326, 327, 328, 329, 330, 331, 332, 333, 334, 335, 336, 337, 338, 339, 340, 341, 342, 343, 344, 345, 346, 347, 348, 349, 350, 351, 352, 353, 354, 355, 356, 357, 358, 359, 360, 361, 362, 363, 364, 365, 366, 367, 368, 369, 370, 371, 372, 373, 374, 375, 376, 377, 378, 379, 380, 381, 382, 383, 384, 385, 386, 387, 388, 389, 390, 391, 392, 393, 394, 395, 396, 397, 398, 399, 400, 401, 402, 403]
        point3f[] points = [(0.0000, 0.0000, -1.2600), (0.2878, 0.0000, -1.2506), (0.2878, 5.4864, -1.2506), (0.0000, 5.4864, -1.2600), (0.2878, 0.0000, -1.2506), (0.5743, 0.0000, -1.2224), (0.5743, 5.4864, -1.2224), (0.2878, 5.4864, -1.2506), (0.5743, 0.0000, -1.2224), (0.8584, 0.0000, -1.1755), (0.8584, 5.4864, -1.1755), (0.5743, 5.4864, -1.2224), (0.8584, 0.0000, -1.1755), (1.1388, 0.0000, -1.1101), (1.1388, 5.4864, -1.1101), (0.8584, 5.4864, -1.1755), (1.1388, 0.0000, -1.1101), (1.4143, 0.0000, -1.0265), (1.4143, 5.4864, -1.0265), (1.1388, 5.4864, -1.1101), (1.4143, 0.0000, -1.0265), (1.6838, 0.0000, -0.9251), (1.6838, 5.4864, -0.9251), (1.4143, 5.4864, -1.0265), (1.6838, 0.0000, -0.9251), (1.9461, 0.0000, -0.8062), (1.9461, 5.4864, -0.8062), (1.6838, 5.4864, -0.9251), (1.9461, 0.0000, -0.8062), (2.2000, 0.0000, -0.6705), (2.2000, 5.4864, -0.6705), (1.9461, 5.4864, -0.8062), (2.2000, 0.0000, -0.6705), (2.4445, 0.0000, -0.5185), (2.4445, 5.4864, -0.5185), (2.2000, 5.4864, -0.6705), (2.4445, 0.0000, -0.5185), (2.6786, 0.0000, -0.3508), (2.6786, 5.4864, -0.3508), (2.4445, 5.4864, -0.5185), (2.6786, 0.0000, -0.3508), (2.9011, 0.0000, -0.1681), (2.9011, 5.4864, -0.1681), (2.6786, 5.4864, -0.3508), (2.9011, 0.0000, -0.1681), (3.1113, 0.0000, 0.0287), (3.1113, 5.4864, 0.0287), (2.9011, 5.4864, -0.1681), (3.1113, 0.0000, 0.0287), (3.3081, 0.0000, 0.2389), (3.3081, 0.4000, 0.2389), (3.1113, 0.4000, 0.0287), (3.1113, 3.6000, 0.0287), (3.3081, 3.6000, 0.2389), (3.3081, 5.4864, 0.2389), (3.1113, 5.4864, 0.0287), (3.3081, 0.0000, 0.2389), (3.4908, 0.0000, 0.4614), (3.4908, 0.4000, 0.4614), (3.3081, 0.4000, 0.2389), (3.3081, 3.6000, 0.2389), (3.4908, 3.6000, 0.4614), (3.4908, 5.4864, 0.4614), (3.3081, 5.4864, 0.2389), (3.4908, 0.0000, 0.4614), (3.6585, 0.0000, 0.6955), (3.6585, 0.4000, 0.6955), (3.4908, 0.4000, 0.4614), (3.4908, 3.6000, 0.4614), (3.6585, 3.6000, 0.6955), (3.6585, 5.4864, 0.6955), (3.4908, 5.4864, 0.4614), (3.6585, 0.0000, 0.6955), (3.8105, 0.0000, 0.9400), (3.8105, 0.4000, 0.9400), (3.6585, 0.4000, 0.6955), (3.6585, 3.6000, 0.6955), (3.8105, 3.6000, 0.9400), (3.8105, 5.4864, 0.9400), (3.6585, 5.4864, 0.6955), (3.8105, 0.0000, 0.9400), (3.9462, 0.0000, 1.1939), (3.9462, 0.4000, 1.1939), (3.8105, 0.4000, 0.9400), (3.8105, 3.6000, 0.9400), (3.9462, 3.6000, 1.1939), (3.9462, 5.4864, 1.1939), (3.8105, 5.4864, 0.9400), (3.9462, 0.0000, 1.1939), (4.0651, 0.0000, 1.4562), (4.0651, 5.4864, 1.4562), (3.9462, 5.4864, 1.1939), (4.0651, 0.0000, 1.4562), (4.1665, 0.0000, 1.7257), (4.1665, 5.4864, 1.7257), (4.0651, 5.4864, 1.4562), (4.1665, 0.0000, 1.7257), (4.2501, 0.0000, 2.0012), (4.2501, 5.4864, 2.0012), (4.1665, 5.4864, 1.7257), (4.2501, 0.0000, 2.0012), (4.3155, 0.0000, 2.2816), (4.3155, 5.4864, 2.2816), (4.2501, 5.4864, 2.0012), (4.3155, 0.0000, 2.2816), (4.3624, 0.0000, 2.5657), (4.3624, 5.4864, 2.5657), (4.3155, 5.4864, 2.2816), (4.3624, 0.0000, 2.5657), (4.3906, 0.0000, 2.8522), (4.3906, 5.4864, 2.8522), (4.3624, 5.4864, 2.5657), (4.3906, 0.0000, 2.8522), (4.4000, 0.0000, 3.1400), (4.4000, 5.4864, 3.1400), (4.3906, 5.4864, 2.8522), (4.4000, 0.0000, 3.1400), (4.3906, 0.0000, 3.4278), (4.3906, 5.4864, 3.4278), (4.4000, 5.4864, 3.1400), (4.3906, 0.0000, 3.4278), (4.3624, 0.0000, 3.7143), (4.3624, 5.4864, 3.7143), (4.3906, 5.4864, 3.4278), (4.3624, 0.0000, 3.7143), (4.3155, 0.0000, 3.9984), (4.3155, 5.4864, 3.9984), (4.3624, 5.4864, 3.7143), (4.3155, 0.0000, 3.9984), (4.2501, 0.0000, 4.2788), (4.2501, 5.4864, 4.2788), (4.3155, 5.4864, 3.9984), (4.2501, 0.0000, 4.2788), (4.1665, 0.0000, 4.5543), (4.1665, 5.4864, 4.5543), (4.2501, 5.4864, 4.2788), (4.1665, 0.0000, 4.5543), (4.0651, 0.0000, 4.8238), (4.0651, 5.4864, 4.8238), (4.1665, 5.4864, 4.5543), (4.0651, 0.0000, 4.8238), (3.9462, 0.0000, 5.0861), (3.9462, 5.4864, 5.0861), (4.0651, 5.4864, 4.8238), (3.9462, 0.0000, 5.0861), (3.8105, 0.0000, 5.3400), (3.8105, 5.4864, 5.3400), (3.9462, 5.4864, 5.0861), (3.8105, 0.0000, 5.3400), (3.6585, 0.0000, 5.5845), (3.6585, 5.4864, 5.5845), (3.8105, 5.4864, 5.3400), (3.6585, 0.0000, 5.5845), (3.4908, 0.0000, 5.8186), (3.4908, 5.4864, 5.8186), (3.6585, 5.4864, 5.5845), (3.4908, 0.0000, 5.8186), (3.3081, 0.0000, 6.0411), (3.3081, 5.4864, 6.0411), (3.4908, 5.4864, 5.8186), (3.3081, 0.0000, 6.0411), (3.1113, 0.0000, 6.2513), (3.1113, 5.4864, 6.2513), (3.3081, 5.4864, 6.0411), (3.1113, 0.0000, 6.2513), (2.9011, 0.0000, 6.4481), (2.9011, 5.4864, 6.4481), (3.1113, 5.4864, 6.2513), (2.9011, 0.0000, 6.4481), (2.6786, 0.0000, 6.6308), (2.6786, 5.4864, 6.6308), (2.9011, 5.4864, 6.4481), (2.6786, 0.0000, 6.6308), (2.4445, 0.0000, 6.7985), (2.4445, 5.4864, 6.7985), (2.6786, 5.4864, 6.6308), (2.4445, 0.0000, 6.7985), (2.2000, 0.0000, 6.9505), (2.2000, 5.4864, 6.9505), (2.4445, 5.4864, 6.7985), (2.2000, 0.0000, 6.9505), (1.9461, 0.0000, 7.0862), (1.9461, 5.4864, 7.0862), (2.2000, 5.4864, 6.9505), (1.9461, 0.0000, 7.0862), (1.6838, 0.0000, 7.2051), (1.6838, 5.4864, 7.2051), (1.9461, 5.4864, 7.0862), (1.6838, 0.0000, 7.2051), (1.4143, 0.0000, 7.3065), (1.4143, 5.4864, 7.3065), (1.6838, 5.4864, 7.2051), (1.4143, 0.0000, 7.3065), (1.1388, 0.0000, 7.3901), (1.1388, 5.4864, 7.3901), (1.4143, 5.4864, 7.3065), (1.1388, 0.0000, 7.3901), (0.8584, 0.0000, 7.4555), (0.8584, 5.4864, 7.4555), (1.1388, 5.4864, 7.3901), (0.8584, 0.0000, 7.4555), (0.5743, 0.0000, 7.5024), (0.5743, 5.4864, 7.5024), (0.8584, 5.4864, 7.4555), (0.5743, 0.0000, 7.5024), (0.2878, 0.0000, 7.5306), (0.2878, 5.4864, 7.5306), (0.5743, 5.4864, 7.5024), (0.2878, 0.0000, 7.5306), (0.0000, 0.0000, 7.5400), (0.0000, 5.4864, 7.5400), (0.2878, 5.4864, 7.5306), (0.0000, 0.0000, 7.5400), (-0.2878, 0.0000, 7.5306), (-0.2878, 5.4864, 7.5306), (0.0000, 5.4864, 7.5400), (-0.2878, 0.0000, 7.5306), (-0.5743, 0.0000, 7.5024), (-0.5743, 5.4864, 7.5024), (-0.2878, 5.4864, 7.5306), (-0.5743, 0.0000, 7.5024), (-0.8584, 0.0000, 7.4555), (-0.8584, 5.4864, 7.4555), (-0.5743, 5.4864, 7.5024), (-0.8584, 0.0000, 7.4555), (-1.1388, 0.0000, 7.3901), (-1.1388, 5.4864, 7.3901), (-0.8584, 5.4864, 7.4555), (-1.1388, 0.0000, 7.3901), (-1.4143, 0.0000, 7.3065), (-1.4143, 5.4864, 7.3065), (-1.1388, 5.4864, 7.3901), (-1.4143, 0.0000, 7.3065), (-1.6838, 0.0000, 7.2051), (-1.6838, 5.4864, 7.2051), (-1.4143, 5.4864, 7.3065), (-1.6838, 0.0000, 7.2051), (-1.9461, 0.0000, 7.0862), (-1.9461, 5.4864, 7.0862), (-1.6838, 5.4864, 7.2051), (-1.9461, 0.0000, 7.0862), (-2.2000, 0.0000, 6.9505), (-2.2000, 5.4864, 6.9505), (-1.9461, 5.4864, 7.0862), (-2.2000, 0.0000, 6.9505), (-2.4445, 0.0000, 6.7985), (-2.4445, 5.4864, 6.7985), (-2.2000, 5.4864, 6.9505), (-2.4445, 0.0000, 6.7985), (-2.6786, 0.0000, 6.6308), (-2.6786, 5.4864, 6.6308), (-2.4445, 5.4864, 6.7985), (-2.6786, 0.0000, 6.6308), (-2.9011, 0.0000, 6.4481), (-2.9011, 5.4864, 6.4481), (-2.6786, 5.4864, 6.6308), (-2.9011, 0.0000, 6.4481), (-3.1113, 0.0000, 6.2513), (-3.1113, 5.4864, 6.2513), (-2.9011, 5.4864, 6.4481), (-3.1113, 0.0000, 6.2513), (-3.3081, 0.0000, 6.0411), (-3.3081, 5.4864, 6.0411), (-3.1113, 5.4864, 6.2513), (-3.3081, 0.0000, 6.0411), (-3.4908, 0.0000, 5.8186), (-3.4908, 5.4864, 5.8186), (-3.3081, 5.4864, 6.0411), (-3.4908, 0.0000, 5.8186), (-3.6585, 0.0000, 5.5845), (-3.6585, 5.4864, 5.5845), (-3.4908, 5.4864, 5.8186), (-3.6585, 0.0000, 5.5845), (-3.8105, 0.0000, 5.3400), (-3.8105, 5.4864, 5.3400), (-3.6585, 5.4864, 5.5845), (-3.8105, 0.0000, 5.3400), (-3.9462, 0.0000, 5.0861), (-3.9462, 5.4864, 5.0861), (-3.8105, 5.4864, 5.3400), (-3.9462, 0.0000, 5.0861), (-4.0651, 0.0000, 4.8238), (-4.0651, 5.4864, 4.8238), (-3.9462, 5.4864, 5.0861), (-4.0651, 0.0000, 4.8238), (-4.1665, 0.0000, 4.5543), (-4.1665, 5.4864, 4.5543), (-4.0651, 5.4864, 4.8238), (-4.1665, 0.0000, 4.5543), (-4.2501, 0.0000, 4.2788), (-4.2501, 5.4864, 4.2788), (-4.1665, 5.4864, 4.5543), (-4.2501, 0.0000, 4.2788), (-4.3155, 0.0000, 3.9984), (-4.3155, 5.4864, 3.9984), (-4.2501, 5.4864, 4.2788), (-4.3155, 0.0000, 3.9984), (-4.3624, 0.0000, 3.7143), (-4.3624, 5.4864, 3.7143), (-4.3155, 5.4864, 3.9984), (-4.3624, 0.0000, 3.7143), (-4.3906, 0.0000, 3.4278), (-4.3906, 5.4864, 3.4278), (-4.3624, 5.4864, 3.7143), (-4.3906, 0.0000, 3.4278), (-4.4000, 0.0000, 3.1400), (-4.4000, 5.4864, 3.1400), (-4.3906, 5.4864, 3.4278), (-4.4000, 0.0000, 3.1400), (-4.3906, 0.0000, 2.8522), (-4.3906, 5.4864, 2.8522), (-4.4000, 5.4864, 3.1400), (-4.3906, 0.0000, 2.8522), (-4.3624, 0.0000, 2.5657), (-4.3624, 5.4864, 2.5657), (-4.3906, 5.4864, 2.8522), (-4.3624, 0.0000, 2.5657), (-4.3155, 0.0000, 2.2816), (-4.3155, 5.4864, 2.2816), (-4.3624, 5.4864, 2.5657), (-4.3155, 0.0000, 2.2816), (-4.2501, 0.0000, 2.0012), (-4.2501, 5.4864, 2.0012), (-4.3155, 5.4864, 2.2816), (-4.2501, 0.0000, 2.0012), (-4.1665, 0.0000, 1.7257), (-4.1665, 5.4864, 1.7257), (-4.2501, 5.4864, 2.0012), (-4.1665, 0.0000, 1.7257), (-4.0651, 0.0000, 1.4562), (-4.0651, 5.4864, 1.4562), (-4.1665, 5.4864, 1.7257), (-4.0651, 0.0000, 1.4562), (-3.9462, 0.0000, 1.1939), (-3.9462, 5.4864, 1.1939), (-4.0651, 5.4864, 1.4562), (-3.9462, 0.0000, 1.1939), (-3.8105, 0.0000, 0.9400), (-3.8105, 5.4864, 0.9400), (-3.9462, 5.4864, 1.1939), (-3.8105, 0.0000, 0.9400), (-3.6585, 0.0000, 0.6955), (-3.6585, 5.4864, 0.6955), (-3.8105, 5.4864, 0.9400), (-3.6585, 0.0000, 0.6955), (-3.4908, 0.0000, 0.4614), (-3.4908, 5.4864, 0.4614), (-3.6585, 5.4864, 0.6955), (-3.4908, 0.0000, 0.4614), (-3.3081, 0.0000, 0.2389), (-3.3081, 5.4864, 0.2389), (-3.4908, 5.4864, 0.4614), (-3.3081, 0.0000, 0.2389), (-3.1113, 0.0000, 0.0287), (-3.1113, 5.4864, 0.0287), (-3.3081, 5.4864, 0.2389), (-3.1113, 0.0000, 0.0287), (-2.9011, 0.0000, -0.1681), (-2.9011, 5.4864, -0.1681), (-3.1113, 5.4864, 0.0287), (-2.9011, 0.0000, -0.1681), (-2.6786, 0.0000, -0.3508), (-2.6786, 5.4864, -0.3508), (-2.9011, 5.4864, -0.1681), (-2.6786, 0.0000, -0.3508), (-2.4445, 0.0000, -0.5185), (-2.4445, 5.4864, -0.5185), (-2.6786, 5.4864, -0.3508), (-2.4445, 0.0000, -0.5185), (-2.2000, 0.0000, -0.6705), (-2.2000, 5.4864, -0.6705), (-2.4445, 5.4864, -0.5185), (-2.2000, 0.0000, -0.6705), (-1.9461, 0.0000, -0.8062), (-1.9461, 5.4864, -0.8062), (-2.2000, 5.4864, -0.6705), (-1.9461, 0.0000, -0.8062), (-1.6838, 0.0000, -0.9251), (-1.6838, 5.4864, -0.9251), (-1.9461, 5.4864, -0.8062), (-1.6838, 0.0000, -0.9251), (-1.4143, 0.0000, -1.0265), (-1.4143, 5.4864, -1.0265), (-1.6838, 5.4864, -0.9251), (-1.4143, 0.0000, -1.0265), (-1.1388, 0.0000, -1.1101), (-1.1388, 5.4864, -1.1101), (-1.4143, 5.4864, -1.0265), (-1.1388, 0.0000, -1.1101), (-0.8584, 0.0000, -1.1755), (-0.8584, 5.4864, -1.1755), (-1.1388, 5.4864, -1.1101), (-0.8584, 0.0000, -1.1755), (-0.5743, 0.0000, -1.2224), (-0.5743, 5.4864, -1.2224), (-0.8584, 5.4864, -1.1755), (-0.5743, 0.0000, -1.2224), (-0.2878, 0.0000, -1.2506), (-0.2878, 5.4864, -1.2506), (-0.5743, 5.4864, -1.2224), (-0.2878, 0.0000, -1.2506), (-0.0000, 0.0000, -1.2600), (-0.0000, 5.4864, -1.2600), (-0.2878, 5.4864, -1.2506)]
        normal3f[] normals = [(-0.0327, 0.0000, -0.9995), (-0.0327, 0.0000, -0.9995), (-0.0327, 0.0000, -0.9995), (-0.0327, 0.0000, -0.9995), (-0.0980, 0.0000, -0.9952), (-0.0980, 0.0000, -0.9952), (-0.0980, 0.0000, -0.9952), (-0.0980, 0.0000, -0.9952), (-0.1629, 0.0000, -0.9866), (-0.1629, 0.0000, -0.9866), (-0.1629, 0.0000, -0.9866), (-0.1629, 0.0000, -0.9866), (-0.2271, 0.0000, -0.9739), (-0.2271, 0.0000, -0.9739), (-0.2271, 0.0000, -0.9739), (-0.2271, 0.0000, -0.9739), (-0.2903, 0.0000, -0.9569), (-0.2903, 0.0000, -0.9569), (-0.2903, 0.0000, -0.9569), (-0.2903, 0.0000, -0.9569), (-0.3523, 0.0000, -0.9359), (-0.3523, 0.0000, -0.9359), (-0.3523, 0.0000, -0.9359), (-0.3523, 0.0000, -0.9359), (-0.4127, 0.0000, -0.9109), (-0.4127, 0.0000, -0.9109), (-0.4127, 0.0000, -0.9109), (-0.4127, 0.0000, -0.9109), (-0.4714, 0.0000, -0.8819), (-0.4714, 0.0000, -0.8819), (-0.4714, 0.0000, -0.8819), (-0.4714, 0.0000, -0.8819), (-0.5281, 0.0000, -0.8492), (-0.5281, 0.0000, -0.8492), (-0.5281, 0.0000, -0.8492), (-0.5281, 0.0000, -0.8492), (-0.5825, 0.0000, -0.8128), (-0.5825, 0.0000, -0.8128), (-0.5825, 0.0000, -0.8128), (-0.5825, 0.0000, -0.8128), (-0.6344, 0.0000, -0.7730), (-0.6344, 0.0000, -0.7730), (-0.6344, 0.0000, -0.7730), (-0.6344, 0.0000, -0.7730), (-0.6836, 0.0000, -0.7299), (-0.6836, 0.0000, -0.7299), (-0.6836, 0.0000, -0.7299), (-0.6836, 0.0000, -0.7299), (-0.7299, 0.0000, -0.6836), (-0.7299, 0.0000, -0.6836), (-0.7299, 0.0000, -0.6836), (-0.7299, 0.0000, -0.6836), (-0.7299, 0.0000, -0.6836), (-0.7299, 0.0000, -0.6836), (-0.7299, 0.0000, -0.6836), (-0.7299, 0.0000, -0.6836), (-0.7730, 0.0000, -0.6344), (-0.7730, 0.0000, -0.6344), (-0.7730, 0.0000, -0.6344), (-0.7730, 0.0000, -0.6344), (-0.7730, 0.0000, -0.6344), (-0.7730, 0.0000, -0.6344), (-0.7730, 0.0000, -0.6344), (-0.7730, 0.0000, -0.6344), (-0.8128, 0.0000, -0.5825), (-0.8128, 0.0000, -0.5825), (-0.8128, 0.0000, -0.5825), (-0.8128, 0.0000, -0.5825), (-0.8128, 0.0000, -0.5825), (-0.8128, 0.0000, -0.5825), (-0.8128, 0.0000, -0.5825), (-0.8128, 0.0000, -0.5825), (-0.8492, 0.0000, -0.5281), (-0.8492, 0.0000, -0.5281), (-0.8492, 0.0000, -0.5281), (-0.8492, 0.0000, -0.5281), (-0.8492, 0.0000, -0.5281), (-0.8492, 0.0000, -0.5281), (-0.8492, 0.0000, -0.5281), (-0.8492, 0.0000, -0.5281), (-0.8819, 0.0000, -0.4714), (-0.8819, 0.0000, -0.4714), (-0.8819, 0.0000, -0.4714), (-0.8819, 0.0000, -0.4714), (-0.8819, 0.0000, -0.4714), (-0.8819, 0.0000, -0.4714), (-0.8819, 0.0000, -0.4714), (-0.8819, 0.0000, -0.4714), (-0.9109, 0.0000, -0.4127), (-0.9109, 0.0000, -0.4127), (-0.9109, 0.0000, -0.4127), (-0.9109, 0.0000, -0.4127), (-0.9359, 0.0000, -0.3523), (-0.9359, 0.0000, -0.3523), (-0.9359, 0.0000, -0.3523), (-0.9359, 0.0000, -0.3523), (-0.9569, 0.0000, -0.2903), (-0.9569, 0.0000, -0.2903), (-0.9569, 0.0000, -0.2903), (-0.9569, 0.0000, -0.2903), (-0.9739, 0.0000, -0.2271), (-0.9739, 0.0000, -0.2271), (-0.9739, 0.0000, -0.2271), (-0.9739, 0.0000, -0.2271), (-0.9866, 0.0000, -0.1629), (-0.9866, 0.0000, -0.1629), (-0.9866, 0.0000, -0.1629), (-0.9866, 0.0000, -0.1629), (-0.9952, 0.0000, -0.0980), (-0.9952, 0.0000, -0.0980), (-0.9952, 0.0000, -0.0980), (-0.9952, 0.0000, -0.0980), (-0.9995, 0.0000, -0.0327), (-0.9995, 0.0000, -0.0327), (-0.9995, 0.0000, -0.0327), (-0.9995, 0.0000, -0.0327), (-0.9995, 0.0000, 0.0327), (-0.9995, 0.0000, 0.0327), (-0.9995, 0.0000, 0.0327), (-0.9995, 0.0000, 0.0327), (-0.9952, 0.0000, 0.0980), (-0.9952, 0.0000, 0.0980), (-0.9952, 0.0000, 0.0980), (-0.9952, 0.0000, 0.0980), (-0.9866, 0.0000, 0.1629), (-0.9866, 0.0000, 0.1629), (-0.9866, 0.0000, 0.1629), (-0.9866, 0.0000, 0.1629), (-0.9739, 0.0000, 0.2271), (-0.9739, 0.0000, 0.2271), (-0.9739, 0.0000, 0.2271), (-0.9739, 0.0000, 0.2271), (-0.9569, 0.0000, 0.2903), (-0.9569, 0.0000, 0.2903), (-0.9569, 0.0000, 0.2903), (-0.9569, 0.0000, 0.2903), (-0.9359, 0.0000, 0.3523), (-0.9359, 0.0000, 0.3523), (-0.9359, 0.0000, 0.3523), (-0.9359, 0.0000, 0.3523), (-0.9109, 0.0000, 0.4127), (-0.9109, 0.0000, 0.4127), (-0.9109, 0.0000, 0.4127), (-0.9109, 0.0000, 0.4127), (-0.8819, 0.0000, 0.4714), (-0.8819, 0.0000, 0.4714), (-0.8819, 0.0000, 0.4714), (-0.8819, 0.0000, 0.4714), (-0.8492, 0.0000, 0.5281), (-0.8492, 0.0000, 0.5281), (-0.8492, 0.0000, 0.5281), (-0.8492, 0.0000, 0.5281), (-0.8128, 0.0000, 0.5825), (-0.8128, 0.0000, 0.5825), (-0.8128, 0.0000, 0.5825), (-0.8128, 0.0000, 0.5825), (-0.7730, 0.0000, 0.6344), (-0.7730, 0.0000, 0.6344), (-0.7730, 0.0000, 0.6344), (-0.7730, 0.0000, 0.6344), (-0.7299, 0.0000, 0.6836), (-0.7299, 0.0000, 0.6836), (-0.7299, 0.0000, 0.6836), (-0.7299, 0.0000, 0.6836), (-0.6836, 0.0000, 0.7299), (-0.6836, 0.0000, 0.7299), (-0.6836, 0.0000, 0.7299), (-0.6836, 0.0000, 0.7299), (-0.6344, 0.0000, 0.7730), (-0.6344, 0.0000, 0.7730), (-0.6344, 0.0000, 0.7730), (-0.6344, 0.0000, 0.7730), (-0.5825, 0.0000, 0.8128), (-0.5825, 0.0000, 0.8128), (-0.5825, 0.0000, 0.8128), (-0.5825, 0.0000, 0.8128), (-0.5281, 0.0000, 0.8492), (-0.5281, 0.0000, 0.8492), (-0.5281, 0.0000, 0.8492), (-0.5281, 0.0000, 0.8492), (-0.4714, 0.0000, 0.8819), (-0.4714, 0.0000, 0.8819), (-0.4714, 0.0000, 0.8819), (-0.4714, 0.0000, 0.8819), (-0.4127, 0.0000, 0.9109), (-0.4127, 0.0000, 0.9109), (-0.4127, 0.0000, 0.9109), (-0.4127, 0.0000, 0.9109), (-0.3523, 0.0000, 0.9359), (-0.3523, 0.0000, 0.9359), (-0.3523, 0.0000, 0.9359), (-0.3523, 0.0000, 0.9359), (-0.2903, 0.0000, 0.9569), (-0.2903, 0.0000, 0.9569), (-0.2903, 0.0000, 0.9569), (-0.2903, 0.0000, 0.9569), (-0.2271, 0.0000, 0.9739), (-0.2271, 0.0000, 0.9739), (-0.2271, 0.0000, 0.9739), (-0.2271, 0.0000, 0.9739), (-0.1629, 0.0000, 0.9866), (-0.1629, 0.0000, 0.9866), (-0.1629, 0.0000, 0.9866), (-0.1629, 0.0000, 0.9866), (-0.0980, 0.0000, 0.9952), (-0.0980, 0.0000, 0.9952), (-0.0980, 0.0000, 0.9952), (-0.0980, 0.0000, 0.9952), (-0.0327, 0.0000, 0.9995), (-0.0327, 0.0000, 0.9995), (-0.0327, 0.0000, 0.9995), (-0.0327, 0.0000, 0.9995), (0.0327, 0.0000, 0.9995), (0.0327, 0.0000, 0.9995), (0.0327, 0.0000, 0.9995), (0.0327, 0.0000, 0.9995), (0.0980, 0.0000, 0.9952), (0.0980, 0.0000, 0.9952), (0.0980, 0.0000, 0.9952), (0.0980, 0.0000, 0.9952), (0.1629, 0.0000, 0.9866), (0.1629, 0.0000, 0.9866), (0.1629, 0.0000, 0.9866), (0.1629, 0.0000, 0.9866), (0.2271, 0.0000, 0.9739), (0.2271, 0.0000, 0.9739), (0.2271, 0.0000, 0.9739), (0.2271, 0.0000, 0.9739), (0.2903, 0.0000, 0.9569), (0.2903, 0.0000, 0.9569), (0.2903, 0.0000, 0.9569), (0.2903, 0.0000, 0.9569), (0.3523, 0.0000, 0.9359), (0.3523, 0.0000, 0.9359), (0.3523, 0.0000, 0.9359), (0.3523, 0.0000, 0.9359), (0.4127, 0.0000, 0.9109), (0.4127, 0.0000, 0.9109), (0.4127, 0.0000, 0.9109), (0.4127, 0.0000, 0.9109), (0.4714, 0.0000, 0.8819), (0.4714, 0.0000, 0.8819), (0.4714, 0.0000, 0.8819), (0.4714, 0.0000, 0.8819), (0.5281, 0.0000, 0.8492), (0.5281, 0.0000, 0.8492), (0.5281, 0.0000, 0.8492), (0.5281, 0.0000, 0.8492), (0.5825, 0.0000, 0.8128), (0.5825, 0.0000, 0.8128), (0.5825, 0.0000, 0.8128), (0.5825, 0.0000, 0.8128), (0.6344, 0.0000, 0.7730), (0.6344, 0.0000, 0.7730), (0.6344, 0.0000, 0.7730), (0.6344, 0.0000, 0.7730), (0.6836, 0.0000, 0.7299), (0.6836, 0.0000, 0.7299), (0.6836, 0.0000, 0.7299), (0.6836, 0.0000, 0.7299), (0.7299, 0.0000, 0.6836), (0.7299, 0.0000, 0.6836), (0.7299, 0.0000, 0.6836), (0.7299, 0.0000, 0.6836), (0.7730, 0.0000, 0.6344), (0.7730, 0.0000, 0.6344), (0.7730, 0.0000, 0.6344), (0.7730, 0.0000, 0.6344), (0.8128, 0.0000, 0.5825), (0.8128, 0.0000, 0.5825), (0.8128, 0.0000, 0.5825), (0.8128, 0.0000, 0.5825), (0.8492, 0.0000, 0.5281), (0.8492, 0.0000, 0.5281), (0.8492, 0.0000, 0.5281), (0.8492, 0.0000, 0.5281), (0.8819, 0.0000, 0.4714), (0.8819, 0.0000, 0.4714), (0.8819, 0.0000, 0.4714), (0.8819, 0.0000, 0.4714), (0.9109, 0.0000, 0.4127), (0.9109, 0.0000, 0.4127), (0.9109, 0.0000, 0.4127), (0.9109, 0.0000, 0.4127), (0.9359, 0.0000, 0.3523), (0.9359, 0.0000, 0.3523), (0.9359, 0.0000, 0.3523), (0.9359, 0.0000, 0.3523), (0.9569, 0.0000, 0.2903), (0.9569, 0.0000, 0.2903), (0.9569, 0.0000, 0.2903), (0.9569, 0.0000, 0.2903), (0.9739, 0.0000, 0.2271), (0.9739, 0.0000, 0.2271), (0.9739, 0.0000, 0.2271), (0.9739, 0.0000, 0.2271), (0.9866, 0.0000, 0.1629), (0.9866, 0.0000, 0.1629), (0.9866, 0.0000, 0.1629), (0.9866, 0.0000, 0.1629), (0.9952, 0.0000, 0.0980), (0.9952, 0.0000, 0.0980), (0.9952, 0.0000, 0.0980), (0.9952, 0.0000, 0.0980), (0.9995, 0.0000, 0.0327), (0.9995, 0.0000, 0.0327), (0.9995, 0.0000, 0.0327), (0.9995, 0.0000, 0.0327), (0.9995, 0.0000, -0.0327), (0.9995, 0.0000, -0.0327), (0.9995, 0.0000, -0.0327), (0.9995, 0.0000, -0.0327), (0.9952, 0.0000, -0.0980), (0.9952, 0.0000, -0.0980), (0.9952, 0.0000, -0.0980), (0.9952, 0.0000, -0.0980), (0.9866, 0.0000, -0.1629), (0.9866, 0.0000, -0.1629), (0.9866, 0.0000, -0.1629), (0.9866, 0.0000, -0.1629), (0.9739, 0.0000, -0.2271), (0.9739, 0.0000, -0.2271), (0.9739, 0.0000, -0.2271), (0.9739, 0.0000, -0.2271), (0.9569, 0.0000, -0.2903), (0.9569, 0.0000, -0.2903), (0.9569, 0.0000, -0.2903), (0.9569, 0.0000, -0.2903), (0.9359, 0.0000, -0.3523), (0.9359, 0.0000, -0.3523), (0.9359, 0.0000, -0.3523), (0.9359, 0.0000, -0.3523), (0.9109, 0.0000, -0.4127), (0.9109, 0.0000, -0.4127), (0.9109, 0.0000, -0.4127), (0.9109, 0.0000, -0.4127), (0.8819, 0.0000, -0.4714), (0.8819, 0.0000, -0.4714), (0.8819, 0.0000, -0.4714), (0.8819, 0.0000, -0.4714), (0.8492, 0.0000, -0.5281), (0.8492, 0.0000, -0.5281), (0.8492, 0.0000, -0.5281), (0.8492, 0.0000, -0.5281), (0.8128, 0.0000, -0.5825), (0.8128, 0.0000, -0.5825), (0.8128, 0.0000, -0.5825), (0.8128, 0.0000, -0.5825), (0.7730, 0.0000, -0.6344), (0.7730, 0.0000, -0.6344), (0.7730, 0.0000, -0.6344), (0.7730, 0.0000, -0.6344), (0.7299, 0.0000, -0.6836), (0.7299, 0.0000, -0.6836), (0.7299, 0.0000, -0.6836), (0.7299, 0.0000, -0.6836), (0.6836, 0.0000, -0.7299), (0.6836, 0.0000, -0.7299), (0.6836, 0.0000, -0.7299), (0.6836, 0.0000, -0.7299), (0.6344, 0.0000, -0.7730), (0.6344, 0.0000, -0.7730), (0.6344, 0.0000, -0.7730), (0.6344, 0.0000, -0.7730), (0.5825, 0.0000, -0.8128), (0.5825, 0.0000, -0.8128), (0.5825, 0.0000, -0.8128), (0.5825, 0.0000, -0.8128), (0.5281, 0.0000, -0.8492), (0.5281, 0.0000, -0.8492), (0.5281, 0.0000, -0.8492), (0.5281, 0.0000, -0.8492), (0.4714, 0.0000, -0.8819), (0.4714, 0.0000, -0.8819), (0.4714, 0.0000, -0.8819), (0.4714, 0.0000, -0.8819), (0.4127, 0.0000, -0.9109), (0.4127, 0.0000, -0.9109), (0.4127, 0.0000, -0.9109), (0.4127, 0.0000, -0.9109), (0.3523, 0.0000, -0.9359), (0.3523, 0.0000, -0.9359), (0.3523, 0.0000, -0.9359), (0.3523, 0.0000, -0.9359), (0.2903, 0.0000, -0.9569), (0.2903, 0.0000, -0.9569), (0.2903, 0.0000, -0.9569), (0.2903, 0.0000, -0.9569), (0.2271, 0.0000, -0.9739), (0.2271, 0.0000, -0.9739), (0.2271, 0.0000, -0.9739), (0.2271, 0.0000, -0.9739), (0.1629, 0.0000, -0.9866), (0.1629, 0.0000, -0.9866), (0.1629, 0.0000, -0.9866), (0.1629, 0.0000, -0.9866), (0.0980, 0.0000, -0.9952), (0.0980, 0.0000, -0.9952), (0.0980, 0.0000, -0.9952), (0.0980, 0.0000, -0.9952), (0.0327, 0.0000, -0.9995), (0.0327, 0.0000, -0.9995), (0.0327, 0.0000, -0.9995), (0.0327, 0.0000, -0.9995)] (interpolation = "vertex")
        texCoord2f[] primvars:st = [(0.0000, 0.0000), (0.1458, 0.0000), (0.1458, 2.7432), (0.0000, 2.7432), (0.1458, 0.0000), (0.2917, 0.0000), (0.2917, 2.7432), (0.1458, 2.7432), (0.2917, 0.0000), (0.4375, 0.0000), (0.4375, 2.7432), (0.2917, 2.7432), (0.4375, 0.0000), (0.5833, 0.0000), (0.5833, 2.7432), (0.4375, 2.7432), (0.5833, 0.0000), (0.7292, 0.0000), (0.7292, 2.7432), (0.5833, 2.7432), (0.7292, 0.0000), (0.8750, 0.0000), (0.8750, 2.7432), (0.7292, 2.7432), (0.8750, 0.0000), (1.0208, 0.0000), (1.0208, 2.7432), (0.8750, 2.7432), (1.0208, 0.0000), (1.1667, 0.0000), (1.1667, 2.7432), (1.0208, 2.7432), (1.1667, 0.0000), (1.3125, 0.0000), (1.3125, 2.7432), (1.1667, 2.7432), (1.3125, 0.0000), (1.4583, 0.0000), (1.4583, 2.7432), (1.3125, 2.7432), (1.4583, 0.0000), (1.6042, 0.0000), (1.6042, 2.7432), (1.4583, 2.7432), (1.6042, 0.0000), (1.7500, 0.0000), (1.7500, 2.7432), (1.6042, 2.7432), (1.7500, 0.0000), (1.8958, 0.0000), (1.8958, 0.2000), (1.7500, 0.2000), (1.7500, 1.8000), (1.8958, 1.8000), (1.8958, 2.7432), (1.7500, 2.7432), (1.8958, 0.0000), (2.0417, 0.0000), (2.0417, 0.2000), (1.8958, 0.2000), (1.8958, 1.8000), (2.0417, 1.8000), (2.0417, 2.7432), (1.8958, 2.7432), (2.0417, 0.0000), (2.1875, 0.0000), (2.1875, 0.2000), (2.0417, 0.2000), (2.0417, 1.8000), (2.1875, 1.8000), (2.1875, 2.7432), (2.0417, 2.7432), (2.1875, 0.0000), (2.3333, 0.0000), (2.3333, 0.2000), (2.1875, 0.2000), (2.1875, 1.8000), (2.3333, 1.8000), (2.3333, 2.7432), (2.1875, 2.7432), (2.3333, 0.0000), (2.4792, 0.0000), (2.4792, 0.2000), (2.3333, 0.2000), (2.3333, 1.8000), (2.4792, 1.8000), (2.4792, 2.7432), (2.3333, 2.7432), (2.4792, 0.0000), (2.6250, 0.0000), (2.6250, 2.7432), (2.4792, 2.7432), (2.6250, 0.0000), (2.7708, 0.0000), (2.7708, 2.7432), (2.6250, 2.7432), (2.7708, 0.0000), (2.9167, 0.0000), (2.9167, 2.7432), (2.7708, 2.7432), (2.9167, 0.0000), (3.0625, 0.0000), (3.0625, 2.7432), (2.9167, 2.7432), (3.0625, 0.0000), (3.2083, 0.0000), (3.2083, 2.7432), (3.0625, 2.7432), (3.2083, 0.0000), (3.3542, 0.0000), (3.3542, 2.7432), (3.2083, 2.7432), (3.3542, 0.0000), (3.5000, 0.0000), (3.5000, 2.7432), (3.3542, 2.7432), (3.5000, 0.0000), (3.6458, 0.0000), (3.6458, 2.7432), (3.5000, 2.7432), (3.6458, 0.0000), (3.7917, 0.0000), (3.7917, 2.7432), (3.6458, 2.7432), (3.7917, 0.0000), (3.9375, 0.0000), (3.9375, 2.7432), (3.7917, 2.7432), (3.9375, 0.0000), (4.0833, 0.0000), (4.0833, 2.7432), (3.9375, 2.7432), (4.0833, 0.0000), (4.2292, 0.0000), (4.2292, 2.7432), (4.0833, 2.7432), (4.2292, 0.0000), (4.3750, 0.0000), (4.3750, 2.7432), (4.2292, 2.7432), (4.3750, 0.0000), (4.5208, 0.0000), (4.5208, 2.7432), (4.3750, 2.7432), (4.5208, 0.0000), (4.6667, 0.0000), (4.6667, 2.7432), (4.5208, 2.7432), (4.6667, 0.0000), (4.8125, 0.0000), (4.8125, 2.7432), (4.6667, 2.7432), (4.8125, 0.0000), (4.9583, 0.0000), (4.9583, 2.7432), (4.8125, 2.7432), (4.9583, 0.0000), (5.1042, 0.0000), (5.1042, 2.7432), (4.9583, 2.7432), (5.1042, 0.0000), (5.2500, 0.0000), (5.2500, 2.7432), (5.1042, 2.7432), (5.2500, 0.0000), (5.3958, 0.0000), (5.3958, 2.7432), (5.2500, 2.7432), (5.3958, 0.0000), (5.5417, 0.0000), (5.5417, 2.7432), (5.3958, 2.7432), (5.5417, 0.0000), (5.6875, 0.0000), (5.6875, 2.7432), (5.5417, 2.7432), (5.6875, 0.0000), (5.8333, 0.0000), (5.8333, 2.7432), (5.6875, 2.7432), (5.8333, 0.0000), (5.9792, 0.0000), (5.9792, 2.7432), (5.8333, 2.7432), (5.9792, 0.0000), (6.1250, 0.0000), (6.1250, 2.7432), (5.9792, 2.7432), (6.1250, 0.0000), (6.2708, 0.0000), (6.2708, 2.7432), (6.1250, 2.7432), (6.2708, 0.0000), (6.4167, 0.0000), (6.4167, 2.7432), (6.2708, 2.7432), (6.4167, 0.0000), (6.5625, 0.0000), (6.5625, 2.7432), (6.4167, 2.7432), (6.5625, 0.0000), (6.7083, 0.0000), (6.7083, 2.7432), (6.5625, 2.7432), (6.7083, 0.0000), (6.8542, 0.0000), (6.8542, 2.7432), (6.7083, 2.7432), (6.8542, 0.0000), (7.0000, 0.0000), (7.0000, 2.7432), (6.8542, 2.7432), (7.0000, 0.0000), (7.1458, 0.0000), (7.1458, 2.7432), (7.0000, 2.7432), (7.1458, 0.0000), (7.2917, 0.0000), (7.2917, 2.7432), (7.1458, 2.7432), (7.2917, 0.0000), (7.4375, 0.0000), (7.4375, 2.7432), (7.2917, 2.7432), (7.4375, 0.0000), (7.5833, 0.0000), (7.5833, 2.7432), (7.4375, 2.7432), (7.5833, 0.0000), (7.7292, 0.0000), (7.7292, 2.7432), (7.5833, 2.7432), (7.7292, 0.0000), (7.8750, 0.0000), (7.8750, 2.7432), (7.7292, 2.7432), (7.8750, 0.0000), (8.0208, 0.0000), (8.0208, 2.7432), (7.8750, 2.7432), (8.0208, 0.0000), (8.1667, 0.0000), (8.1667, 2.7432), (8.0208, 2.7432), (8.1667, 0.0000), (8.3125, 0.0000), (8.3125, 2.7432), (8.1667, 2.7432), (8.3125, 0.0000), (8.4583, 0.0000), (8.4583, 2.7432), (8.3125, 2.7432), (8.4583, 0.0000), (8.6042, 0.0000), (8.6042, 2.7432), (8.4583, 2.7432), (8.6042, 0.0000), (8.7500, 0.0000), (8.7500, 2.7432), (8.6042, 2.7432), (8.7500, 0.0000), (8.8958, 0.0000), (8.8958, 2.7432), (8.7500, 2.7432), (8.8958, 0.0000), (9.0417, 0.0000), (9.0417, 2.7432), (8.8958, 2.7432), (9.0417, 0.0000), (9.1875, 0.0000), (9.1875, 2.7432), (9.0417, 2.7432), (9.1875, 0.0000), (9.3333, 0.0000), (9.3333, 2.7432), (9.1875, 2.7432), (9.3333, 0.0000), (9.4792, 0.0000), (9.4792, 2.7432), (9.3333, 2.7432), (9.4792, 0.0000), (9.6250, 0.0000), (9.6250, 2.7432), (9.4792, 2.7432), (9.6250, 0.0000), (9.7708, 0.0000), (9.7708, 2.7432), (9.6250, 2.7432), (9.7708, 0.0000), (9.9167, 0.0000), (9.9167, 2.7432), (9.7708, 2.7432), (9.9167, 0.0000), (10.0625, 0.0000), (10.0625, 2.7432), (9.9167, 2.7432), (10.0625, 0.0000), (10.2083, 0.0000), (10.2083, 2.7432), (10.0625, 2.7432), (10.2083, 0.0000), (10.3542, 0.0000), (10.3542, 2.7432), (10.2083, 2.7432), (10.3542, 0.0000), (10.5000, 0.0000), (10.5000, 2.7432), (10.3542, 2.7432), (10.5000, 0.0000), (10.6458, 0.0000), (10.6458, 2.7432), (10.5000, 2.7432), (10.6458, 0.0000), (10.7917, 0.0000), (10.7917, 2.7432), (10.6458, 2.7432), (10.7917, 0.0000), (10.9375, 0.0000), (10.9375, 2.7432), (10.7917, 2.7432), (10.9375, 0.0000), (11.0833, 0.0000), (11.0833, 2.7432), (10.9375, 2.7432), (11.0833, 0.0000), (11.2292, 0.0000), (11.2292, 2.7432), (11.0833, 2.7432), (11.2292, 0.0000), (11.3750, 0.0000), (11.3750, 2.7432), (11.2292, 2.7432), (11.3750, 0.0000), (11.5208, 0.0000), (11.5208, 2.7432), (11.3750, 2.7432), (11.5208, 0.0000), (11.6667, 0.0000), (11.6667, 2.7432), (11.5208, 2.7432), (11.6667, 0.0000), (11.8125, 0.0000), (11.8125, 2.7432), (11.6667, 2.7432), (11.8125, 0.0000), (11.9583, 0.0000), (11.9583, 2.7432), (11.8125, 2.7432), (11.9583, 0.0000), (12.1042, 0.0000), (12.1042, 2.7432), (11.9583, 2.7432), (12.1042, 0.0000), (12.2500, 0.0000), (12.2500, 2.7432), (12.1042, 2.7432), (12.2500, 0.0000), (12.3958, 0.0000), (12.3958, 2.7432), (12.2500, 2.7432), (12.3958, 0.0000), (12.5417, 0.0000), (12.5417, 2.7432), (12.3958, 2.7432), (12.5417, 0.0000), (12.6875, 0.0000), (12.6875, 2.7432), (12.5417, 2.7432), (12.6875, 0.0000), (12.8333, 0.0000), (12.8333, 2.7432), (12.6875, 2.7432), (12.8333, 0.0000), (12.9792, 0.0000), (12.9792, 2.7432), (12.8333, 2.7432), (12.9792, 0.0000), (13.1250, 0.0000), (13.1250, 2.7432), (12.9792, 2.7432), (13.1250, 0.0000), (13.2708, 0.0000), (13.2708, 2.7432), (13.1250, 2.7432), (13.2708, 0.0000), (13.4167, 0.0000), (13.4167, 2.7432), (13.2708, 2.7432), (13.4167, 0.0000), (13.5625, 0.0000), (13.5625, 2.7432), (13.4167, 2.7432), (13.5625, 0.0000), (13.7083, 0.0000), (13.7083, 2.7432), (13.5625, 2.7432), (13.7083, 0.0000), (13.8542, 0.0000), (13.8542, 2.7432), (13.7083, 2.7432), (13.8542, 0.0000), (14.0000, 0.0000), (14.0000, 2.7432), (13.8542, 2.7432)] (
            interpolation = "vertex"
        )
        color3f[] primvars:displayColor = [(0.46, 0.44, 0.41)]
        rel material:binding = </TowerShell/WallMat>
        uniform token subdivisionScheme = "none"
    }
    def Material "RoofMat"
    {
        token outputs:surface.connect = </TowerShell/RoofMat/Surface.outputs:surface>
        def Shader "stReader"
        {
            uniform token info:id = "UsdPrimvarReader_float2"
            token inputs:varname = "st"
            float2 outputs:result
        }
        def Shader "diffuseTex"
        {
            uniform token info:id = "UsdUVTexture"
            asset inputs:file = @textures/roof_diff.jpg@
            float2 inputs:st.connect = </TowerShell/RoofMat/stReader.outputs:result>
            token inputs:wrapS = "repeat"
            token inputs:wrapT = "repeat"
            float4 inputs:scale = (1.0, 1.0, 1.0, 1)
            float3 outputs:rgb
        }
        def Shader "normalTex"
        {
            uniform token info:id = "UsdUVTexture"
            asset inputs:file = @textures/roof_nor.jpg@
            float2 inputs:st.connect = </TowerShell/RoofMat/stReader.outputs:result>
            token inputs:wrapS = "repeat"
            token inputs:wrapT = "repeat"
            token inputs:sourceColorSpace = "raw"
            float4 inputs:scale = (2, 2, 2, 1)
            float4 inputs:bias = (-1, -1, -1, 0)
            float3 outputs:rgb
        }
        def Shader "roughTex"
        {
            uniform token info:id = "UsdUVTexture"
            asset inputs:file = @textures/roof_rough.jpg@
            float2 inputs:st.connect = </TowerShell/RoofMat/stReader.outputs:result>
            token inputs:wrapS = "repeat"
            token inputs:wrapT = "repeat"
            token inputs:sourceColorSpace = "raw"
            float outputs:r
        }
        def Shader "Surface"
        {
            uniform token info:id = "UsdPreviewSurface"
            color3f inputs:diffuseColor.connect = </TowerShell/RoofMat/diffuseTex.outputs:rgb>
            normal3f inputs:normal.connect = </TowerShell/RoofMat/normalTex.outputs:rgb>
            float inputs:roughness.connect = </TowerShell/RoofMat/roughTex.outputs:r>
            float inputs:metallic = 0
            token outputs:surface
        }
    }
    def Mesh "Roof"
    {
        uniform bool doubleSided = 1
        float3[] extent = [(-4.4000, 5.4864, -1.2600), (4.4000, 9.8864, 7.5400)]
        int[] faceVertexCounts = [3, 3, 3, 3, 3, 3, 3, 3, 3, 3, 3, 3, 3, 3, 3, 3, 3, 3, 3, 3, 3, 3, 3, 3, 3, 3, 3, 3, 3, 3, 3, 3, 3, 3, 3, 3, 3, 3, 3, 3, 3, 3, 3, 3, 3, 3, 3, 3, 3, 3, 3, 3, 3, 3, 3, 3, 3, 3, 3, 3, 3, 3, 3, 3, 3, 3, 3, 3, 3, 3, 3, 3, 3, 3, 3, 3, 3, 3, 3, 3, 3, 3, 3, 3, 3, 3, 3, 3, 3, 3, 3, 3, 3, 3, 3, 3]
        int[] faceVertexIndices = [0, 1, 2, 3, 4, 5, 6, 7, 8, 9, 10, 11, 12, 13, 14, 15, 16, 17, 18, 19, 20, 21, 22, 23, 24, 25, 26, 27, 28, 29, 30, 31, 32, 33, 34, 35, 36, 37, 38, 39, 40, 41, 42, 43, 44, 45, 46, 47, 48, 49, 50, 51, 52, 53, 54, 55, 56, 57, 58, 59, 60, 61, 62, 63, 64, 65, 66, 67, 68, 69, 70, 71, 72, 73, 74, 75, 76, 77, 78, 79, 80, 81, 82, 83, 84, 85, 86, 87, 88, 89, 90, 91, 92, 93, 94, 95, 96, 97, 98, 99, 100, 101, 102, 103, 104, 105, 106, 107, 108, 109, 110, 111, 112, 113, 114, 115, 116, 117, 118, 119, 120, 121, 122, 123, 124, 125, 126, 127, 128, 129, 130, 131, 132, 133, 134, 135, 136, 137, 138, 139, 140, 141, 142, 143, 144, 145, 146, 147, 148, 149, 150, 151, 152, 153, 154, 155, 156, 157, 158, 159, 160, 161, 162, 163, 164, 165, 166, 167, 168, 169, 170, 171, 172, 173, 174, 175, 176, 177, 178, 179, 180, 181, 182, 183, 184, 185, 186, 187, 188, 189, 190, 191, 192, 193, 194, 195, 196, 197, 198, 199, 200, 201, 202, 203, 204, 205, 206, 207, 208, 209, 210, 211, 212, 213, 214, 215, 216, 217, 218, 219, 220, 221, 222, 223, 224, 225, 226, 227, 228, 229, 230, 231, 232, 233, 234, 235, 236, 237, 238, 239, 240, 241, 242, 243, 244, 245, 246, 247, 248, 249, 250, 251, 252, 253, 254, 255, 256, 257, 258, 259, 260, 261, 262, 263, 264, 265, 266, 267, 268, 269, 270, 271, 272, 273, 274, 275, 276, 277, 278, 279, 280, 281, 282, 283, 284, 285, 286, 287]
        point3f[] points = [(0.0000, 5.4864, -1.2600), (0.2878, 5.4864, -1.2506), (0.0000, 9.8864, 3.1400), (0.2878, 5.4864, -1.2506), (0.5743, 5.4864, -1.2224), (0.0000, 9.8864, 3.1400), (0.5743, 5.4864, -1.2224), (0.8584, 5.4864, -1.1755), (0.0000, 9.8864, 3.1400), (0.8584, 5.4864, -1.1755), (1.1388, 5.4864, -1.1101), (0.0000, 9.8864, 3.1400), (1.1388, 5.4864, -1.1101), (1.4143, 5.4864, -1.0265), (0.0000, 9.8864, 3.1400), (1.4143, 5.4864, -1.0265), (1.6838, 5.4864, -0.9251), (0.0000, 9.8864, 3.1400), (1.6838, 5.4864, -0.9251), (1.9461, 5.4864, -0.8062), (0.0000, 9.8864, 3.1400), (1.9461, 5.4864, -0.8062), (2.2000, 5.4864, -0.6705), (0.0000, 9.8864, 3.1400), (2.2000, 5.4864, -0.6705), (2.4445, 5.4864, -0.5185), (0.0000, 9.8864, 3.1400), (2.4445, 5.4864, -0.5185), (2.6786, 5.4864, -0.3508), (0.0000, 9.8864, 3.1400), (2.6786, 5.4864, -0.3508), (2.9011, 5.4864, -0.1681), (0.0000, 9.8864, 3.1400), (2.9011, 5.4864, -0.1681), (3.1113, 5.4864, 0.0287), (0.0000, 9.8864, 3.1400), (3.1113, 5.4864, 0.0287), (3.3081, 5.4864, 0.2389), (0.0000, 9.8864, 3.1400), (3.3081, 5.4864, 0.2389), (3.4908, 5.4864, 0.4614), (0.0000, 9.8864, 3.1400), (3.4908, 5.4864, 0.4614), (3.6585, 5.4864, 0.6955), (0.0000, 9.8864, 3.1400), (3.6585, 5.4864, 0.6955), (3.8105, 5.4864, 0.9400), (0.0000, 9.8864, 3.1400), (3.8105, 5.4864, 0.9400), (3.9462, 5.4864, 1.1939), (0.0000, 9.8864, 3.1400), (3.9462, 5.4864, 1.1939), (4.0651, 5.4864, 1.4562), (0.0000, 9.8864, 3.1400), (4.0651, 5.4864, 1.4562), (4.1665, 5.4864, 1.7257), (0.0000, 9.8864, 3.1400), (4.1665, 5.4864, 1.7257), (4.2501, 5.4864, 2.0012), (0.0000, 9.8864, 3.1400), (4.2501, 5.4864, 2.0012), (4.3155, 5.4864, 2.2816), (0.0000, 9.8864, 3.1400), (4.3155, 5.4864, 2.2816), (4.3624, 5.4864, 2.5657), (0.0000, 9.8864, 3.1400), (4.3624, 5.4864, 2.5657), (4.3906, 5.4864, 2.8522), (0.0000, 9.8864, 3.1400), (4.3906, 5.4864, 2.8522), (4.4000, 5.4864, 3.1400), (0.0000, 9.8864, 3.1400), (4.4000, 5.4864, 3.1400), (4.3906, 5.4864, 3.4278), (0.0000, 9.8864, 3.1400), (4.3906, 5.4864, 3.4278), (4.3624, 5.4864, 3.7143), (0.0000, 9.8864, 3.1400), (4.3624, 5.4864, 3.7143), (4.3155, 5.4864, 3.9984), (0.0000, 9.8864, 3.1400), (4.3155, 5.4864, 3.9984), (4.2501, 5.4864, 4.2788), (0.0000, 9.8864, 3.1400), (4.2501, 5.4864, 4.2788), (4.1665, 5.4864, 4.5543), (0.0000, 9.8864, 3.1400), (4.1665, 5.4864, 4.5543), (4.0651, 5.4864, 4.8238), (0.0000, 9.8864, 3.1400), (4.0651, 5.4864, 4.8238), (3.9462, 5.4864, 5.0861), (0.0000, 9.8864, 3.1400), (3.9462, 5.4864, 5.0861), (3.8105, 5.4864, 5.3400), (0.0000, 9.8864, 3.1400), (3.8105, 5.4864, 5.3400), (3.6585, 5.4864, 5.5845), (0.0000, 9.8864, 3.1400), (3.6585, 5.4864, 5.5845), (3.4908, 5.4864, 5.8186), (0.0000, 9.8864, 3.1400), (3.4908, 5.4864, 5.8186), (3.3081, 5.4864, 6.0411), (0.0000, 9.8864, 3.1400), (3.3081, 5.4864, 6.0411), (3.1113, 5.4864, 6.2513), (0.0000, 9.8864, 3.1400), (3.1113, 5.4864, 6.2513), (2.9011, 5.4864, 6.4481), (0.0000, 9.8864, 3.1400), (2.9011, 5.4864, 6.4481), (2.6786, 5.4864, 6.6308), (0.0000, 9.8864, 3.1400), (2.6786, 5.4864, 6.6308), (2.4445, 5.4864, 6.7985), (0.0000, 9.8864, 3.1400), (2.4445, 5.4864, 6.7985), (2.2000, 5.4864, 6.9505), (0.0000, 9.8864, 3.1400), (2.2000, 5.4864, 6.9505), (1.9461, 5.4864, 7.0862), (0.0000, 9.8864, 3.1400), (1.9461, 5.4864, 7.0862), (1.6838, 5.4864, 7.2051), (0.0000, 9.8864, 3.1400), (1.6838, 5.4864, 7.2051), (1.4143, 5.4864, 7.3065), (0.0000, 9.8864, 3.1400), (1.4143, 5.4864, 7.3065), (1.1388, 5.4864, 7.3901), (0.0000, 9.8864, 3.1400), (1.1388, 5.4864, 7.3901), (0.8584, 5.4864, 7.4555), (0.0000, 9.8864, 3.1400), (0.8584, 5.4864, 7.4555), (0.5743, 5.4864, 7.5024), (0.0000, 9.8864, 3.1400), (0.5743, 5.4864, 7.5024), (0.2878, 5.4864, 7.5306), (0.0000, 9.8864, 3.1400), (0.2878, 5.4864, 7.5306), (0.0000, 5.4864, 7.5400), (0.0000, 9.8864, 3.1400), (0.0000, 5.4864, 7.5400), (-0.2878, 5.4864, 7.5306), (0.0000, 9.8864, 3.1400), (-0.2878, 5.4864, 7.5306), (-0.5743, 5.4864, 7.5024), (0.0000, 9.8864, 3.1400), (-0.5743, 5.4864, 7.5024), (-0.8584, 5.4864, 7.4555), (0.0000, 9.8864, 3.1400), (-0.8584, 5.4864, 7.4555), (-1.1388, 5.4864, 7.3901), (0.0000, 9.8864, 3.1400), (-1.1388, 5.4864, 7.3901), (-1.4143, 5.4864, 7.3065), (0.0000, 9.8864, 3.1400), (-1.4143, 5.4864, 7.3065), (-1.6838, 5.4864, 7.2051), (0.0000, 9.8864, 3.1400), (-1.6838, 5.4864, 7.2051), (-1.9461, 5.4864, 7.0862), (0.0000, 9.8864, 3.1400), (-1.9461, 5.4864, 7.0862), (-2.2000, 5.4864, 6.9505), (0.0000, 9.8864, 3.1400), (-2.2000, 5.4864, 6.9505), (-2.4445, 5.4864, 6.7985), (0.0000, 9.8864, 3.1400), (-2.4445, 5.4864, 6.7985), (-2.6786, 5.4864, 6.6308), (0.0000, 9.8864, 3.1400), (-2.6786, 5.4864, 6.6308), (-2.9011, 5.4864, 6.4481), (0.0000, 9.8864, 3.1400), (-2.9011, 5.4864, 6.4481), (-3.1113, 5.4864, 6.2513), (0.0000, 9.8864, 3.1400), (-3.1113, 5.4864, 6.2513), (-3.3081, 5.4864, 6.0411), (0.0000, 9.8864, 3.1400), (-3.3081, 5.4864, 6.0411), (-3.4908, 5.4864, 5.8186), (0.0000, 9.8864, 3.1400), (-3.4908, 5.4864, 5.8186), (-3.6585, 5.4864, 5.5845), (0.0000, 9.8864, 3.1400), (-3.6585, 5.4864, 5.5845), (-3.8105, 5.4864, 5.3400), (0.0000, 9.8864, 3.1400), (-3.8105, 5.4864, 5.3400), (-3.9462, 5.4864, 5.0861), (0.0000, 9.8864, 3.1400), (-3.9462, 5.4864, 5.0861), (-4.0651, 5.4864, 4.8238), (0.0000, 9.8864, 3.1400), (-4.0651, 5.4864, 4.8238), (-4.1665, 5.4864, 4.5543), (0.0000, 9.8864, 3.1400), (-4.1665, 5.4864, 4.5543), (-4.2501, 5.4864, 4.2788), (0.0000, 9.8864, 3.1400), (-4.2501, 5.4864, 4.2788), (-4.3155, 5.4864, 3.9984), (0.0000, 9.8864, 3.1400), (-4.3155, 5.4864, 3.9984), (-4.3624, 5.4864, 3.7143), (0.0000, 9.8864, 3.1400), (-4.3624, 5.4864, 3.7143), (-4.3906, 5.4864, 3.4278), (0.0000, 9.8864, 3.1400), (-4.3906, 5.4864, 3.4278), (-4.4000, 5.4864, 3.1400), (0.0000, 9.8864, 3.1400), (-4.4000, 5.4864, 3.1400), (-4.3906, 5.4864, 2.8522), (0.0000, 9.8864, 3.1400), (-4.3906, 5.4864, 2.8522), (-4.3624, 5.4864, 2.5657), (0.0000, 9.8864, 3.1400), (-4.3624, 5.4864, 2.5657), (-4.3155, 5.4864, 2.2816), (0.0000, 9.8864, 3.1400), (-4.3155, 5.4864, 2.2816), (-4.2501, 5.4864, 2.0012), (0.0000, 9.8864, 3.1400), (-4.2501, 5.4864, 2.0012), (-4.1665, 5.4864, 1.7257), (0.0000, 9.8864, 3.1400), (-4.1665, 5.4864, 1.7257), (-4.0651, 5.4864, 1.4562), (0.0000, 9.8864, 3.1400), (-4.0651, 5.4864, 1.4562), (-3.9462, 5.4864, 1.1939), (0.0000, 9.8864, 3.1400), (-3.9462, 5.4864, 1.1939), (-3.8105, 5.4864, 0.9400), (0.0000, 9.8864, 3.1400), (-3.8105, 5.4864, 0.9400), (-3.6585, 5.4864, 0.6955), (0.0000, 9.8864, 3.1400), (-3.6585, 5.4864, 0.6955), (-3.4908, 5.4864, 0.4614), (0.0000, 9.8864, 3.1400), (-3.4908, 5.4864, 0.4614), (-3.3081, 5.4864, 0.2389), (0.0000, 9.8864, 3.1400), (-3.3081, 5.4864, 0.2389), (-3.1113, 5.4864, 0.0287), (0.0000, 9.8864, 3.1400), (-3.1113, 5.4864, 0.0287), (-2.9011, 5.4864, -0.1681), (0.0000, 9.8864, 3.1400), (-2.9011, 5.4864, -0.1681), (-2.6786, 5.4864, -0.3508), (0.0000, 9.8864, 3.1400), (-2.6786, 5.4864, -0.3508), (-2.4445, 5.4864, -0.5185), (0.0000, 9.8864, 3.1400), (-2.4445, 5.4864, -0.5185), (-2.2000, 5.4864, -0.6705), (0.0000, 9.8864, 3.1400), (-2.2000, 5.4864, -0.6705), (-1.9461, 5.4864, -0.8062), (0.0000, 9.8864, 3.1400), (-1.9461, 5.4864, -0.8062), (-1.6838, 5.4864, -0.9251), (0.0000, 9.8864, 3.1400), (-1.6838, 5.4864, -0.9251), (-1.4143, 5.4864, -1.0265), (0.0000, 9.8864, 3.1400), (-1.4143, 5.4864, -1.0265), (-1.1388, 5.4864, -1.1101), (0.0000, 9.8864, 3.1400), (-1.1388, 5.4864, -1.1101), (-0.8584, 5.4864, -1.1755), (0.0000, 9.8864, 3.1400), (-0.8584, 5.4864, -1.1755), (-0.5743, 5.4864, -1.2224), (0.0000, 9.8864, 3.1400), (-0.5743, 5.4864, -1.2224), (-0.2878, 5.4864, -1.2506), (0.0000, 9.8864, 3.1400), (-0.2878, 5.4864, -1.2506), (-0.0000, 5.4864, -1.2600), (0.0000, 9.8864, 3.1400)]
        normal3f[] normals = [(-0.0164, -0.5000, -0.4997), (-0.0164, -0.5000, -0.4997), (-0.0164, -0.5000, -0.4997), (-0.0490, -0.5000, -0.4976), (-0.0490, -0.5000, -0.4976), (-0.0490, -0.5000, -0.4976), (-0.0814, -0.5000, -0.4933), (-0.0814, -0.5000, -0.4933), (-0.0814, -0.5000, -0.4933), (-0.1135, -0.5000, -0.4869), (-0.1135, -0.5000, -0.4869), (-0.1135, -0.5000, -0.4869), (-0.1451, -0.5000, -0.4785), (-0.1451, -0.5000, -0.4785), (-0.1451, -0.5000, -0.4785), (-0.1761, -0.5000, -0.4680), (-0.1761, -0.5000, -0.4680), (-0.1761, -0.5000, -0.4680), (-0.2064, -0.5000, -0.4554), (-0.2064, -0.5000, -0.4554), (-0.2064, -0.5000, -0.4554), (-0.2357, -0.5000, -0.4410), (-0.2357, -0.5000, -0.4410), (-0.2357, -0.5000, -0.4410), (-0.2640, -0.5000, -0.4246), (-0.2640, -0.5000, -0.4246), (-0.2640, -0.5000, -0.4246), (-0.2912, -0.5000, -0.4064), (-0.2912, -0.5000, -0.4064), (-0.2912, -0.5000, -0.4064), (-0.3172, -0.5000, -0.3865), (-0.3172, -0.5000, -0.3865), (-0.3172, -0.5000, -0.3865), (-0.3418, -0.5000, -0.3649), (-0.3418, -0.5000, -0.3649), (-0.3418, -0.5000, -0.3649), (-0.3649, -0.5000, -0.3418), (-0.3649, -0.5000, -0.3418), (-0.3649, -0.5000, -0.3418), (-0.3865, -0.5000, -0.3172), (-0.3865, -0.5000, -0.3172), (-0.3865, -0.5000, -0.3172), (-0.4064, -0.5000, -0.2912), (-0.4064, -0.5000, -0.2912), (-0.4064, -0.5000, -0.2912), (-0.4246, -0.5000, -0.2640), (-0.4246, -0.5000, -0.2640), (-0.4246, -0.5000, -0.2640), (-0.4410, -0.5000, -0.2357), (-0.4410, -0.5000, -0.2357), (-0.4410, -0.5000, -0.2357), (-0.4554, -0.5000, -0.2064), (-0.4554, -0.5000, -0.2064), (-0.4554, -0.5000, -0.2064), (-0.4680, -0.5000, -0.1761), (-0.4680, -0.5000, -0.1761), (-0.4680, -0.5000, -0.1761), (-0.4785, -0.5000, -0.1451), (-0.4785, -0.5000, -0.1451), (-0.4785, -0.5000, -0.1451), (-0.4869, -0.5000, -0.1135), (-0.4869, -0.5000, -0.1135), (-0.4869, -0.5000, -0.1135), (-0.4933, -0.5000, -0.0814), (-0.4933, -0.5000, -0.0814), (-0.4933, -0.5000, -0.0814), (-0.4976, -0.5000, -0.0490), (-0.4976, -0.5000, -0.0490), (-0.4976, -0.5000, -0.0490), (-0.4997, -0.5000, -0.0164), (-0.4997, -0.5000, -0.0164), (-0.4997, -0.5000, -0.0164), (-0.4997, -0.5000, 0.0164), (-0.4997, -0.5000, 0.0164), (-0.4997, -0.5000, 0.0164), (-0.4976, -0.5000, 0.0490), (-0.4976, -0.5000, 0.0490), (-0.4976, -0.5000, 0.0490), (-0.4933, -0.5000, 0.0814), (-0.4933, -0.5000, 0.0814), (-0.4933, -0.5000, 0.0814), (-0.4869, -0.5000, 0.1135), (-0.4869, -0.5000, 0.1135), (-0.4869, -0.5000, 0.1135), (-0.4785, -0.5000, 0.1451), (-0.4785, -0.5000, 0.1451), (-0.4785, -0.5000, 0.1451), (-0.4680, -0.5000, 0.1761), (-0.4680, -0.5000, 0.1761), (-0.4680, -0.5000, 0.1761), (-0.4554, -0.5000, 0.2064), (-0.4554, -0.5000, 0.2064), (-0.4554, -0.5000, 0.2064), (-0.4410, -0.5000, 0.2357), (-0.4410, -0.5000, 0.2357), (-0.4410, -0.5000, 0.2357), (-0.4246, -0.5000, 0.2640), (-0.4246, -0.5000, 0.2640), (-0.4246, -0.5000, 0.2640), (-0.4064, -0.5000, 0.2912), (-0.4064, -0.5000, 0.2912), (-0.4064, -0.5000, 0.2912), (-0.3865, -0.5000, 0.3172), (-0.3865, -0.5000, 0.3172), (-0.3865, -0.5000, 0.3172), (-0.3649, -0.5000, 0.3418), (-0.3649, -0.5000, 0.3418), (-0.3649, -0.5000, 0.3418), (-0.3418, -0.5000, 0.3649), (-0.3418, -0.5000, 0.3649), (-0.3418, -0.5000, 0.3649), (-0.3172, -0.5000, 0.3865), (-0.3172, -0.5000, 0.3865), (-0.3172, -0.5000, 0.3865), (-0.2912, -0.5000, 0.4064), (-0.2912, -0.5000, 0.4064), (-0.2912, -0.5000, 0.4064), (-0.2640, -0.5000, 0.4246), (-0.2640, -0.5000, 0.4246), (-0.2640, -0.5000, 0.4246), (-0.2357, -0.5000, 0.4410), (-0.2357, -0.5000, 0.4410), (-0.2357, -0.5000, 0.4410), (-0.2064, -0.5000, 0.4554), (-0.2064, -0.5000, 0.4554), (-0.2064, -0.5000, 0.4554), (-0.1761, -0.5000, 0.4680), (-0.1761, -0.5000, 0.4680), (-0.1761, -0.5000, 0.4680), (-0.1451, -0.5000, 0.4785), (-0.1451, -0.5000, 0.4785), (-0.1451, -0.5000, 0.4785), (-0.1135, -0.5000, 0.4869), (-0.1135, -0.5000, 0.4869), (-0.1135, -0.5000, 0.4869), (-0.0814, -0.5000, 0.4933), (-0.0814, -0.5000, 0.4933), (-0.0814, -0.5000, 0.4933), (-0.0490, -0.5000, 0.4976), (-0.0490, -0.5000, 0.4976), (-0.0490, -0.5000, 0.4976), (-0.0164, -0.5000, 0.4997), (-0.0164, -0.5000, 0.4997), (-0.0164, -0.5000, 0.4997), (0.0164, -0.5000, 0.4997), (0.0164, -0.5000, 0.4997), (0.0164, -0.5000, 0.4997), (0.0490, -0.5000, 0.4976), (0.0490, -0.5000, 0.4976), (0.0490, -0.5000, 0.4976), (0.0814, -0.5000, 0.4933), (0.0814, -0.5000, 0.4933), (0.0814, -0.5000, 0.4933), (0.1135, -0.5000, 0.4869), (0.1135, -0.5000, 0.4869), (0.1135, -0.5000, 0.4869), (0.1451, -0.5000, 0.4785), (0.1451, -0.5000, 0.4785), (0.1451, -0.5000, 0.4785), (0.1761, -0.5000, 0.4680), (0.1761, -0.5000, 0.4680), (0.1761, -0.5000, 0.4680), (0.2064, -0.5000, 0.4554), (0.2064, -0.5000, 0.4554), (0.2064, -0.5000, 0.4554), (0.2357, -0.5000, 0.4410), (0.2357, -0.5000, 0.4410), (0.2357, -0.5000, 0.4410), (0.2640, -0.5000, 0.4246), (0.2640, -0.5000, 0.4246), (0.2640, -0.5000, 0.4246), (0.2912, -0.5000, 0.4064), (0.2912, -0.5000, 0.4064), (0.2912, -0.5000, 0.4064), (0.3172, -0.5000, 0.3865), (0.3172, -0.5000, 0.3865), (0.3172, -0.5000, 0.3865), (0.3418, -0.5000, 0.3649), (0.3418, -0.5000, 0.3649), (0.3418, -0.5000, 0.3649), (0.3649, -0.5000, 0.3418), (0.3649, -0.5000, 0.3418), (0.3649, -0.5000, 0.3418), (0.3865, -0.5000, 0.3172), (0.3865, -0.5000, 0.3172), (0.3865, -0.5000, 0.3172), (0.4064, -0.5000, 0.2912), (0.4064, -0.5000, 0.2912), (0.4064, -0.5000, 0.2912), (0.4246, -0.5000, 0.2640), (0.4246, -0.5000, 0.2640), (0.4246, -0.5000, 0.2640), (0.4410, -0.5000, 0.2357), (0.4410, -0.5000, 0.2357), (0.4410, -0.5000, 0.2357), (0.4554, -0.5000, 0.2064), (0.4554, -0.5000, 0.2064), (0.4554, -0.5000, 0.2064), (0.4680, -0.5000, 0.1761), (0.4680, -0.5000, 0.1761), (0.4680, -0.5000, 0.1761), (0.4785, -0.5000, 0.1451), (0.4785, -0.5000, 0.1451), (0.4785, -0.5000, 0.1451), (0.4869, -0.5000, 0.1135), (0.4869, -0.5000, 0.1135), (0.4869, -0.5000, 0.1135), (0.4933, -0.5000, 0.0814), (0.4933, -0.5000, 0.0814), (0.4933, -0.5000, 0.0814), (0.4976, -0.5000, 0.0490), (0.4976, -0.5000, 0.0490), (0.4976, -0.5000, 0.0490), (0.4997, -0.5000, 0.0164), (0.4997, -0.5000, 0.0164), (0.4997, -0.5000, 0.0164), (0.4997, -0.5000, -0.0164), (0.4997, -0.5000, -0.0164), (0.4997, -0.5000, -0.0164), (0.4976, -0.5000, -0.0490), (0.4976, -0.5000, -0.0490), (0.4976, -0.5000, -0.0490), (0.4933, -0.5000, -0.0814), (0.4933, -0.5000, -0.0814), (0.4933, -0.5000, -0.0814), (0.4869, -0.5000, -0.1135), (0.4869, -0.5000, -0.1135), (0.4869, -0.5000, -0.1135), (0.4785, -0.5000, -0.1451), (0.4785, -0.5000, -0.1451), (0.4785, -0.5000, -0.1451), (0.4680, -0.5000, -0.1761), (0.4680, -0.5000, -0.1761), (0.4680, -0.5000, -0.1761), (0.4554, -0.5000, -0.2064), (0.4554, -0.5000, -0.2064), (0.4554, -0.5000, -0.2064), (0.4410, -0.5000, -0.2357), (0.4410, -0.5000, -0.2357), (0.4410, -0.5000, -0.2357), (0.4246, -0.5000, -0.2640), (0.4246, -0.5000, -0.2640), (0.4246, -0.5000, -0.2640), (0.4064, -0.5000, -0.2912), (0.4064, -0.5000, -0.2912), (0.4064, -0.5000, -0.2912), (0.3865, -0.5000, -0.3172), (0.3865, -0.5000, -0.3172), (0.3865, -0.5000, -0.3172), (0.3649, -0.5000, -0.3418), (0.3649, -0.5000, -0.3418), (0.3649, -0.5000, -0.3418), (0.3418, -0.5000, -0.3649), (0.3418, -0.5000, -0.3649), (0.3418, -0.5000, -0.3649), (0.3172, -0.5000, -0.3865), (0.3172, -0.5000, -0.3865), (0.3172, -0.5000, -0.3865), (0.2912, -0.5000, -0.4064), (0.2912, -0.5000, -0.4064), (0.2912, -0.5000, -0.4064), (0.2640, -0.5000, -0.4246), (0.2640, -0.5000, -0.4246), (0.2640, -0.5000, -0.4246), (0.2357, -0.5000, -0.4410), (0.2357, -0.5000, -0.4410), (0.2357, -0.5000, -0.4410), (0.2064, -0.5000, -0.4554), (0.2064, -0.5000, -0.4554), (0.2064, -0.5000, -0.4554), (0.1761, -0.5000, -0.4680), (0.1761, -0.5000, -0.4680), (0.1761, -0.5000, -0.4680), (0.1451, -0.5000, -0.4785), (0.1451, -0.5000, -0.4785), (0.1451, -0.5000, -0.4785), (0.1135, -0.5000, -0.4869), (0.1135, -0.5000, -0.4869), (0.1135, -0.5000, -0.4869), (0.0814, -0.5000, -0.4933), (0.0814, -0.5000, -0.4933), (0.0814, -0.5000, -0.4933), (0.0490, -0.5000, -0.4976), (0.0490, -0.5000, -0.4976), (0.0490, -0.5000, -0.4976), (0.0164, -0.5000, -0.4997), (0.0164, -0.5000, -0.4997), (0.0164, -0.5000, -0.4997)] (interpolation = "vertex")
        texCoord2f[] primvars:st = [(0.0000, 0.0000), (0.1458, 0.0000), (0.0729, 3.1113), (0.1458, 0.0000), (0.2917, 0.0000), (0.2187, 3.1113), (0.2917, 0.0000), (0.4375, 0.0000), (0.3646, 3.1113), (0.4375, 0.0000), (0.5833, 0.0000), (0.5104, 3.1113), (0.5833, 0.0000), (0.7292, 0.0000), (0.6562, 3.1113), (0.7292, 0.0000), (0.8750, 0.0000), (0.8021, 3.1113), (0.8750, 0.0000), (1.0208, 0.0000), (0.9479, 3.1113), (1.0208, 0.0000), (1.1667, 0.0000), (1.0938, 3.1113), (1.1667, 0.0000), (1.3125, 0.0000), (1.2396, 3.1113), (1.3125, 0.0000), (1.4583, 0.0000), (1.3854, 3.1113), (1.4583, 0.0000), (1.6042, 0.0000), (1.5312, 3.1113), (1.6042, 0.0000), (1.7500, 0.0000), (1.6771, 3.1113), (1.7500, 0.0000), (1.8958, 0.0000), (1.8229, 3.1113), (1.8958, 0.0000), (2.0417, 0.0000), (1.9688, 3.1113), (2.0417, 0.0000), (2.1875, 0.0000), (2.1146, 3.1113), (2.1875, 0.0000), (2.3333, 0.0000), (2.2604, 3.1113), (2.3333, 0.0000), (2.4792, 0.0000), (2.4062, 3.1113), (2.4792, 0.0000), (2.6250, 0.0000), (2.5521, 3.1113), (2.6250, 0.0000), (2.7708, 0.0000), (2.6979, 3.1113), (2.7708, 0.0000), (2.9167, 0.0000), (2.8438, 3.1113), (2.9167, 0.0000), (3.0625, 0.0000), (2.9896, 3.1113), (3.0625, 0.0000), (3.2083, 0.0000), (3.1354, 3.1113), (3.2083, 0.0000), (3.3542, 0.0000), (3.2812, 3.1113), (3.3542, 0.0000), (3.5000, 0.0000), (3.4271, 3.1113), (3.5000, 0.0000), (3.6458, 0.0000), (3.5729, 3.1113), (3.6458, 0.0000), (3.7917, 0.0000), (3.7188, 3.1113), (3.7917, 0.0000), (3.9375, 0.0000), (3.8646, 3.1113), (3.9375, 0.0000), (4.0833, 0.0000), (4.0104, 3.1113), (4.0833, 0.0000), (4.2292, 0.0000), (4.1562, 3.1113), (4.2292, 0.0000), (4.3750, 0.0000), (4.3021, 3.1113), (4.3750, 0.0000), (4.5208, 0.0000), (4.4479, 3.1113), (4.5208, 0.0000), (4.6667, 0.0000), (4.5938, 3.1113), (4.6667, 0.0000), (4.8125, 0.0000), (4.7396, 3.1113), (4.8125, 0.0000), (4.9583, 0.0000), (4.8854, 3.1113), (4.9583, 0.0000), (5.1042, 0.0000), (5.0312, 3.1113), (5.1042, 0.0000), (5.2500, 0.0000), (5.1771, 3.1113), (5.2500, 0.0000), (5.3958, 0.0000), (5.3229, 3.1113), (5.3958, 0.0000), (5.5417, 0.0000), (5.4688, 3.1113), (5.5417, 0.0000), (5.6875, 0.0000), (5.6146, 3.1113), (5.6875, 0.0000), (5.8333, 0.0000), (5.7604, 3.1113), (5.8333, 0.0000), (5.9792, 0.0000), (5.9062, 3.1113), (5.9792, 0.0000), (6.1250, 0.0000), (6.0521, 3.1113), (6.1250, 0.0000), (6.2708, 0.0000), (6.1979, 3.1113), (6.2708, 0.0000), (6.4167, 0.0000), (6.3438, 3.1113), (6.4167, 0.0000), (6.5625, 0.0000), (6.4896, 3.1113), (6.5625, 0.0000), (6.7083, 0.0000), (6.6354, 3.1113), (6.7083, 0.0000), (6.8542, 0.0000), (6.7812, 3.1113), (6.8542, 0.0000), (7.0000, 0.0000), (6.9271, 3.1113), (7.0000, 0.0000), (7.1458, 0.0000), (7.0729, 3.1113), (7.1458, 0.0000), (7.2917, 0.0000), (7.2188, 3.1113), (7.2917, 0.0000), (7.4375, 0.0000), (7.3646, 3.1113), (7.4375, 0.0000), (7.5833, 0.0000), (7.5104, 3.1113), (7.5833, 0.0000), (7.7292, 0.0000), (7.6562, 3.1113), (7.7292, 0.0000), (7.8750, 0.0000), (7.8021, 3.1113), (7.8750, 0.0000), (8.0208, 0.0000), (7.9479, 3.1113), (8.0208, 0.0000), (8.1667, 0.0000), (8.0938, 3.1113), (8.1667, 0.0000), (8.3125, 0.0000), (8.2396, 3.1113), (8.3125, 0.0000), (8.4583, 0.0000), (8.3854, 3.1113), (8.4583, 0.0000), (8.6042, 0.0000), (8.5312, 3.1113), (8.6042, 0.0000), (8.7500, 0.0000), (8.6771, 3.1113), (8.7500, 0.0000), (8.8958, 0.0000), (8.8229, 3.1113), (8.8958, 0.0000), (9.0417, 0.0000), (8.9688, 3.1113), (9.0417, 0.0000), (9.1875, 0.0000), (9.1146, 3.1113), (9.1875, 0.0000), (9.3333, 0.0000), (9.2604, 3.1113), (9.3333, 0.0000), (9.4792, 0.0000), (9.4062, 3.1113), (9.4792, 0.0000), (9.6250, 0.0000), (9.5521, 3.1113), (9.6250, 0.0000), (9.7708, 0.0000), (9.6979, 3.1113), (9.7708, 0.0000), (9.9167, 0.0000), (9.8438, 3.1113), (9.9167, 0.0000), (10.0625, 0.0000), (9.9896, 3.1113), (10.0625, 0.0000), (10.2083, 0.0000), (10.1354, 3.1113), (10.2083, 0.0000), (10.3542, 0.0000), (10.2812, 3.1113), (10.3542, 0.0000), (10.5000, 0.0000), (10.4271, 3.1113), (10.5000, 0.0000), (10.6458, 0.0000), (10.5729, 3.1113), (10.6458, 0.0000), (10.7917, 0.0000), (10.7188, 3.1113), (10.7917, 0.0000), (10.9375, 0.0000), (10.8646, 3.1113), (10.9375, 0.0000), (11.0833, 0.0000), (11.0104, 3.1113), (11.0833, 0.0000), (11.2292, 0.0000), (11.1562, 3.1113), (11.2292, 0.0000), (11.3750, 0.0000), (11.3021, 3.1113), (11.3750, 0.0000), (11.5208, 0.0000), (11.4479, 3.1113), (11.5208, 0.0000), (11.6667, 0.0000), (11.5938, 3.1113), (11.6667, 0.0000), (11.8125, 0.0000), (11.7396, 3.1113), (11.8125, 0.0000), (11.9583, 0.0000), (11.8854, 3.1113), (11.9583, 0.0000), (12.1042, 0.0000), (12.0312, 3.1113), (12.1042, 0.0000), (12.2500, 0.0000), (12.1771, 3.1113), (12.2500, 0.0000), (12.3958, 0.0000), (12.3229, 3.1113), (12.3958, 0.0000), (12.5417, 0.0000), (12.4688, 3.1113), (12.5417, 0.0000), (12.6875, 0.0000), (12.6146, 3.1113), (12.6875, 0.0000), (12.8333, 0.0000), (12.7604, 3.1113), (12.8333, 0.0000), (12.9792, 0.0000), (12.9062, 3.1113), (12.9792, 0.0000), (13.1250, 0.0000), (13.0521, 3.1113), (13.1250, 0.0000), (13.2708, 0.0000), (13.1979, 3.1113), (13.2708, 0.0000), (13.4167, 0.0000), (13.3438, 3.1113), (13.4167, 0.0000), (13.5625, 0.0000), (13.4896, 3.1113), (13.5625, 0.0000), (13.7083, 0.0000), (13.6354, 3.1113), (13.7083, 0.0000), (13.8542, 0.0000), (13.7812, 3.1113), (13.8542, 0.0000), (14.0000, 0.0000), (13.9271, 3.1113)] (
            interpolation = "vertex"
        )
        color3f[] primvars:displayColor = [(0.2, 0.16, 0.13)]
        rel material:binding = </TowerShell/RoofMat>
        uniform token subdivisionScheme = "none"
    }
    def Material "RoofTrimMat"
    {
        token outputs:surface.connect = </TowerShell/RoofTrimMat/Surface.outputs:surface>
        def Shader "stReader"
        {
            uniform token info:id = "UsdPrimvarReader_float2"
            token inputs:varname = "st"
            float2 outputs:result
        }
        def Shader "diffuseTex"
        {
            uniform token info:id = "UsdUVTexture"
            asset inputs:file = @textures/roof_diff.jpg@
            float2 inputs:st.connect = </TowerShell/RoofTrimMat/stReader.outputs:result>
            token inputs:wrapS = "repeat"
            token inputs:wrapT = "repeat"
            float4 inputs:scale = (0.26, 0.19, 0.13, 1)
            float3 outputs:rgb
        }
        def Shader "normalTex"
        {
            uniform token info:id = "UsdUVTexture"
            asset inputs:file = @textures/roof_nor.jpg@
            float2 inputs:st.connect = </TowerShell/RoofTrimMat/stReader.outputs:result>
            token inputs:wrapS = "repeat"
            token inputs:wrapT = "repeat"
            token inputs:sourceColorSpace = "raw"
            float4 inputs:scale = (2, 2, 2, 1)
            float4 inputs:bias = (-1, -1, -1, 0)
            float3 outputs:rgb
        }
        def Shader "roughTex"
        {
            uniform token info:id = "UsdUVTexture"
            asset inputs:file = @textures/roof_rough.jpg@
            float2 inputs:st.connect = </TowerShell/RoofTrimMat/stReader.outputs:result>
            token inputs:wrapS = "repeat"
            token inputs:wrapT = "repeat"
            token inputs:sourceColorSpace = "raw"
            float outputs:r
        }
        def Shader "Surface"
        {
            uniform token info:id = "UsdPreviewSurface"
            color3f inputs:diffuseColor.connect = </TowerShell/RoofTrimMat/diffuseTex.outputs:rgb>
            normal3f inputs:normal.connect = </TowerShell/RoofTrimMat/normalTex.outputs:rgb>
            float inputs:roughness.connect = </TowerShell/RoofTrimMat/roughTex.outputs:r>
            float inputs:metallic = 0
            token outputs:surface
        }
    }
    def Mesh "RoofTrim"
    {
        uniform bool doubleSided = 1
        float3[] extent = [(-4.4199, 5.1564, -1.2799), (4.4199, 9.7864, 7.5599)]
        int[] faceVertexCounts = [4, 4, 4, 4, 4, 4, 4, 4, 4, 4, 4, 4, 4, 4, 4, 4, 4, 4, 4, 4, 4, 4, 4, 4, 4, 4, 4, 4, 4, 4, 4, 4, 4, 4, 4, 4, 4, 4, 4, 4, 4, 4, 4, 4, 4, 4, 4, 4, 4, 4, 4, 4, 4, 4, 4, 4, 4, 4, 4, 4, 4, 4, 4, 4, 4, 4, 4, 4, 4, 4, 4, 4, 4, 4, 4, 4, 4, 4, 4, 4, 4, 4, 4, 4, 4, 4, 4, 4, 4, 4, 4, 4, 4, 4, 4, 4, 4, 4, 4, 4, 4, 4, 4, 4, 4, 4, 4, 4, 4, 4, 4, 4, 4, 4, 4, 4, 4, 4, 4, 4, 4, 4, 4, 4, 4, 4, 4, 4, 4, 4, 4, 4, 4, 4, 4, 4, 4, 4, 4, 4, 4, 4, 4, 4, 4, 4, 4, 4, 4, 4, 4, 4, 4, 4, 4, 4, 4, 4, 4, 4, 4, 4, 4, 4, 4, 4, 4, 4, 4, 4, 4, 4, 4, 4, 4, 4, 4, 4, 4, 4, 4, 4, 4, 4, 4, 4, 4, 4, 4, 4, 4, 4, 4, 4, 4, 4, 4, 4, 4, 4, 4, 4, 4, 4, 4, 4, 4, 4, 4, 4, 4, 4, 4, 4, 4, 4, 4, 4, 4, 4, 4, 4, 4, 4, 4, 4, 4, 4, 4, 4, 4, 4, 4, 4, 4, 4, 4, 4, 4, 4, 4, 4, 4, 4, 4, 4, 4, 4, 4, 4, 4, 4, 4, 4, 4, 4, 4, 4, 4, 4, 4, 4, 4, 4, 4, 4, 4, 4, 4, 4, 4, 4, 4, 4, 4, 4, 4, 4, 4, 4, 4, 4, 4, 4, 4, 4, 4, 4, 4, 4, 4, 4, 4, 4, 4, 4, 4, 4, 4, 4, 4, 4, 4, 4, 4, 4, 4, 4, 4, 4, 4, 4, 4, 4, 4, 4, 4, 4, 4, 4, 4, 4, 4, 4, 4, 4, 4, 4, 4, 4, 4, 4, 4, 4, 4, 4, 4, 4, 4, 4, 4, 4, 4, 4, 4, 4, 4, 4, 4, 4, 4, 4, 4, 4, 4, 4, 4, 4, 4, 4, 4, 4, 4, 4, 4, 4, 4, 4, 4, 4, 4, 4, 4, 4, 4, 4, 4, 4, 4, 4, 4, 4, 4, 4, 4, 4, 4, 4, 4, 4]
        int[] faceVertexIndices = [0, 1, 2, 3, 4, 5, 6, 7, 8, 9, 10, 11, 12, 13, 14, 15, 16, 17, 18, 19, 20, 21, 22, 23, 24, 25, 26, 27, 28, 29, 30, 31, 32, 33, 34, 35, 36, 37, 38, 39, 40, 41, 42, 43, 44, 45, 46, 47, 48, 49, 50, 51, 52, 53, 54, 55, 56, 57, 58, 59, 60, 61, 62, 63, 64, 65, 66, 67, 68, 69, 70, 71, 72, 73, 74, 75, 76, 77, 78, 79, 80, 81, 82, 83, 84, 85, 86, 87, 88, 89, 90, 91, 92, 93, 94, 95, 96, 97, 98, 99, 100, 101, 102, 103, 104, 105, 106, 107, 108, 109, 110, 111, 112, 113, 114, 115, 116, 117, 118, 119, 120, 121, 122, 123, 124, 125, 126, 127, 128, 129, 130, 131, 132, 133, 134, 135, 136, 137, 138, 139, 140, 141, 142, 143, 144, 145, 146, 147, 148, 149, 150, 151, 152, 153, 154, 155, 156, 157, 158, 159, 160, 161, 162, 163, 164, 165, 166, 167, 168, 169, 170, 171, 172, 173, 174, 175, 176, 177, 178, 179, 180, 181, 182, 183, 184, 185, 186, 187, 188, 189, 190, 191, 192, 193, 194, 195, 196, 197, 198, 199, 200, 201, 202, 203, 204, 205, 206, 207, 208, 209, 210, 211, 212, 213, 214, 215, 216, 217, 218, 219, 220, 221, 222, 223, 224, 225, 226, 227, 228, 229, 230, 231, 232, 233, 234, 235, 236, 237, 238, 239, 240, 241, 242, 243, 244, 245, 246, 247, 248, 249, 250, 251, 252, 253, 254, 255, 256, 257, 258, 259, 260, 261, 262, 263, 264, 265, 266, 267, 268, 269, 270, 271, 272, 273, 274, 275, 276, 277, 278, 279, 280, 281, 282, 283, 284, 285, 286, 287, 288, 289, 290, 291, 292, 293, 294, 295, 296, 297, 298, 299, 300, 301, 302, 303, 304, 305, 306, 307, 308, 309, 310, 311, 312, 313, 314, 315, 316, 317, 318, 319, 320, 321, 322, 323, 324, 325, 326, 327, 328, 329, 330, 331, 332, 333, 334, 335, 336, 337, 338, 339, 340, 341, 342, 343, 344, 345, 346, 347, 348, 349, 350, 351, 352, 353, 354, 355, 356, 357, 358, 359, 360, 361, 362, 363, 364, 365, 366, 367, 368, 369, 370, 371, 372, 373, 374, 375, 376, 377, 378, 379, 380, 381, 382, 383, 384, 385, 386, 387, 388, 389, 390, 391, 392, 393, 394, 395, 396, 397, 398, 399, 400, 401, 402, 403, 404, 405, 406, 407, 408, 409, 410, 411, 412, 413, 414, 415, 416, 417, 418, 419, 420, 421, 422, 423, 424, 425, 426, 427, 428, 429, 430, 431, 432, 433, 434, 435, 436, 437, 438, 439, 440, 441, 442, 443, 444, 445, 446, 447, 448, 449, 450, 451, 452, 453, 454, 455, 456, 457, 458, 459, 460, 461, 462, 463, 464, 465, 466, 467, 468, 469, 470, 471, 472, 473, 474, 475, 476, 477, 478, 479, 480, 481, 482, 483, 484, 485, 486, 487, 488, 489, 490, 491, 492, 493, 494, 495, 496, 497, 498, 499, 500, 501, 502, 503, 504, 505, 506, 507, 508, 509, 510, 511, 512, 513, 514, 515, 516, 517, 518, 519, 520, 521, 522, 523, 524, 525, 526, 527, 528, 529, 530, 531, 532, 533, 534, 535, 536, 537, 538, 539, 540, 541, 542, 543, 544, 545, 546, 547, 548, 549, 550, 551, 552, 553, 554, 555, 556, 557, 558, 559, 560, 561, 562, 563, 564, 565, 566, 567, 568, 569, 570, 571, 572, 573, 574, 575, 576, 577, 578, 579, 580, 581, 582, 583, 584, 585, 586, 587, 588, 589, 590, 591, 592, 593, 594, 595, 596, 597, 598, 599, 600, 601, 602, 603, 604, 605, 606, 607, 608, 609, 610, 611, 612, 613, 614, 615, 616, 617, 618, 619, 620, 621, 622, 623, 624, 625, 626, 627, 628, 629, 630, 631, 632, 633, 634, 635, 636, 637, 638, 639, 640, 641, 642, 643, 644, 645, 646, 647, 648, 649, 650, 651, 652, 653, 654, 655, 656, 657, 658, 659, 660, 661, 662, 663, 664, 665, 666, 667, 668, 669, 670, 671, 672, 673, 674, 675, 676, 677, 678, 679, 680, 681, 682, 683, 684, 685, 686, 687, 688, 689, 690, 691, 692, 693, 694, 695, 696, 697, 698, 699, 700, 701, 702, 703, 704, 705, 706, 707, 708, 709, 710, 711, 712, 713, 714, 715, 716, 717, 718, 719, 720, 721, 722, 723, 724, 725, 726, 727, 728, 729, 730, 731, 732, 733, 734, 735, 736, 737, 738, 739, 740, 741, 742, 743, 744, 745, 746, 747, 748, 749, 750, 751, 752, 753, 754, 755, 756, 757, 758, 759, 760, 761, 762, 763, 764, 765, 766, 767, 768, 769, 770, 771, 772, 773, 774, 775, 776, 777, 778, 779, 780, 781, 782, 783, 784, 785, 786, 787, 788, 789, 790, 791, 792, 793, 794, 795, 796, 797, 798, 799, 800, 801, 802, 803, 804, 805, 806, 807, 808, 809, 810, 811, 812, 813, 814, 815, 816, 817, 818, 819, 820, 821, 822, 823, 824, 825, 826, 827, 828, 829, 830, 831, 832, 833, 834, 835, 836, 837, 838, 839, 840, 841, 842, 843, 844, 845, 846, 847, 848, 849, 850, 851, 852, 853, 854, 855, 856, 857, 858, 859, 860, 861, 862, 863, 864, 865, 866, 867, 868, 869, 870, 871, 872, 873, 874, 875, 876, 877, 878, 879, 880, 881, 882, 883, 884, 885, 886, 887, 888, 889, 890, 891, 892, 893, 894, 895, 896, 897, 898, 899, 900, 901, 902, 903, 904, 905, 906, 907, 908, 909, 910, 911, 912, 913, 914, 915, 916, 917, 918, 919, 920, 921, 922, 923, 924, 925, 926, 927, 928, 929, 930, 931, 932, 933, 934, 935, 936, 937, 938, 939, 940, 941, 942, 943, 944, 945, 946, 947, 948, 949, 950, 951, 952, 953, 954, 955, 956, 957, 958, 959, 960, 961, 962, 963, 964, 965, 966, 967, 968, 969, 970, 971, 972, 973, 974, 975, 976, 977, 978, 979, 980, 981, 982, 983, 984, 985, 986, 987, 988, 989, 990, 991, 992, 993, 994, 995, 996, 997, 998, 999, 1000, 1001, 1002, 1003, 1004, 1005, 1006, 1007, 1008, 1009, 1010, 1011, 1012, 1013, 1014, 1015, 1016, 1017, 1018, 1019, 1020, 1021, 1022, 1023, 1024, 1025, 1026, 1027, 1028, 1029, 1030, 1031, 1032, 1033, 1034, 1035, 1036, 1037, 1038, 1039, 1040, 1041, 1042, 1043, 1044, 1045, 1046, 1047, 1048, 1049, 1050, 1051, 1052, 1053, 1054, 1055, 1056, 1057, 1058, 1059, 1060, 1061, 1062, 1063, 1064, 1065, 1066, 1067, 1068, 1069, 1070, 1071, 1072, 1073, 1074, 1075, 1076, 1077, 1078, 1079, 1080, 1081, 1082, 1083, 1084, 1085, 1086, 1087, 1088, 1089, 1090, 1091, 1092, 1093, 1094, 1095, 1096, 1097, 1098, 1099, 1100, 1101, 1102, 1103, 1104, 1105, 1106, 1107, 1108, 1109, 1110, 1111, 1112, 1113, 1114, 1115, 1116, 1117, 1118, 1119, 1120, 1121, 1122, 1123, 1124, 1125, 1126, 1127, 1128, 1129, 1130, 1131, 1132, 1133, 1134, 1135, 1136, 1137, 1138, 1139, 1140, 1141, 1142, 1143, 1144, 1145, 1146, 1147, 1148, 1149, 1150, 1151, 1152, 1153, 1154, 1155, 1156, 1157, 1158, 1159, 1160, 1161, 1162, 1163, 1164, 1165, 1166, 1167, 1168, 1169, 1170, 1171, 1172, 1173, 1174, 1175, 1176, 1177, 1178, 1179, 1180, 1181, 1182, 1183, 1184, 1185, 1186, 1187, 1188, 1189, 1190, 1191, 1192, 1193, 1194, 1195, 1196, 1197, 1198, 1199, 1200, 1201, 1202, 1203, 1204, 1205, 1206, 1207, 1208, 1209, 1210, 1211, 1212, 1213, 1214, 1215, 1216, 1217, 1218, 1219, 1220, 1221, 1222, 1223, 1224, 1225, 1226, 1227, 1228, 1229, 1230, 1231, 1232, 1233, 1234, 1235, 1236, 1237, 1238, 1239, 1240, 1241, 1242, 1243, 1244, 1245, 1246, 1247, 1248, 1249, 1250, 1251, 1252, 1253, 1254, 1255, 1256, 1257, 1258, 1259, 1260, 1261, 1262, 1263, 1264, 1265, 1266, 1267, 1268, 1269, 1270, 1271, 1272, 1273, 1274, 1275, 1276, 1277, 1278, 1279, 1280, 1281, 1282, 1283, 1284, 1285, 1286, 1287, 1288, 1289, 1290, 1291, 1292, 1293, 1294, 1295, 1296, 1297, 1298, 1299, 1300, 1301, 1302, 1303, 1304, 1305, 1306, 1307, 1308, 1309, 1310, 1311, 1312, 1313, 1314, 1315, 1316, 1317, 1318, 1319, 1320, 1321, 1322, 1323, 1324, 1325, 1326, 1327, 1328, 1329, 1330, 1331, 1332, 1333, 1334, 1335, 1336, 1337, 1338, 1339, 1340, 1341, 1342, 1343, 1344, 1345, 1346, 1347, 1348, 1349, 1350, 1351, 1352, 1353, 1354, 1355, 1356, 1357, 1358, 1359, 1360, 1361, 1362, 1363, 1364, 1365, 1366, 1367, 1368, 1369, 1370, 1371, 1372, 1373, 1374, 1375, 1376, 1377, 1378, 1379, 1380, 1381, 1382, 1383, 1384, 1385, 1386, 1387, 1388, 1389, 1390, 1391, 1392, 1393, 1394, 1395, 1396, 1397, 1398, 1399, 1400, 1401, 1402, 1403, 1404, 1405, 1406, 1407, 1408, 1409, 1410, 1411, 1412, 1413, 1414, 1415, 1416, 1417, 1418, 1419, 1420, 1421, 1422, 1423, 1424, 1425, 1426, 1427, 1428, 1429, 1430, 1431, 1432, 1433, 1434, 1435, 1436, 1437, 1438, 1439, 1440, 1441, 1442, 1443, 1444, 1445, 1446, 1447, 1448, 1449, 1450, 1451, 1452, 1453, 1454, 1455, 1456, 1457, 1458, 1459, 1460, 1461, 1462, 1463, 1464, 1465, 1466, 1467, 1468, 1469, 1470, 1471, 1472, 1473, 1474, 1475, 1476, 1477, 1478, 1479, 1480, 1481, 1482, 1483, 1484, 1485, 1486, 1487, 1488, 1489, 1490, 1491, 1492, 1493, 1494, 1495, 1496, 1497, 1498, 1499, 1500, 1501, 1502, 1503, 1504, 1505, 1506, 1507, 1508, 1509, 1510, 1511, 1512, 1513, 1514, 1515, 1516, 1517, 1518, 1519, 1520, 1521, 1522, 1523, 1524, 1525, 1526, 1527, 1528, 1529, 1530, 1531, 1532, 1533, 1534, 1535, 1536, 1537, 1538, 1539, 1540, 1541, 1542, 1543, 1544, 1545, 1546, 1547, 1548, 1549, 1550, 1551, 1552, 1553, 1554, 1555, 1556, 1557, 1558, 1559]
        point3f[] points = [(0.0039, 5.1564, -1.2799), (0.0039, 5.3764, -1.2799), (-0.0039, 5.3764, -1.1201), (-0.0039, 5.1564, -1.1201), (0.4215, 5.1564, -1.0992), (0.4215, 5.3764, -1.0992), (0.4293, 5.3764, -1.2590), (0.4293, 5.1564, -1.2590), (0.0039, 5.1564, -1.2799), (-0.0039, 5.1564, -1.1201), (0.4215, 5.1564, -1.0992), (0.4293, 5.1564, -1.2590), (0.0039, 5.3764, -1.2799), (0.4293, 5.3764, -1.2590), (0.4215, 5.3764, -1.0992), (-0.0039, 5.3764, -1.1201), (0.0039, 5.1564, -1.2799), (0.4293, 5.1564, -1.2590), (0.4293, 5.3764, -1.2590), (0.0039, 5.3764, -1.2799), (-0.0039, 5.1564, -1.1201), (-0.0039, 5.3764, -1.1201), (0.4215, 5.3764, -1.0992), (0.4215, 5.1564, -1.0992), (0.4371, 5.1564, -1.2582), (0.4371, 5.3764, -1.2582), (0.4137, 5.3764, -1.1000), (0.4137, 5.1564, -1.1000), (0.8350, 5.1564, -1.0375), (0.8350, 5.3764, -1.0375), (0.8584, 5.3764, -1.1957), (0.8584, 5.1564, -1.1957), (0.4371, 5.1564, -1.2582), (0.4137, 5.1564, -1.1000), (0.8350, 5.1564, -1.0375), (0.8584, 5.1564, -1.1957), (0.4371, 5.3764, -1.2582), (0.8584, 5.3764, -1.1957), (0.8350, 5.3764, -1.0375), (0.4137, 5.3764, -1.1000), (0.4371, 5.1564, -1.2582), (0.8584, 5.1564, -1.1957), (0.8584, 5.3764, -1.1957), (0.4371, 5.3764, -1.2582), (0.4137, 5.1564, -1.1000), (0.4137, 5.3764, -1.1000), (0.8350, 5.3764, -1.0375), (0.8350, 5.1564, -1.0375), (0.8661, 5.1564, -1.1942), (0.8661, 5.3764, -1.1942), (0.8273, 5.3764, -1.0390), (0.8273, 5.1564, -1.0390), (1.2404, 5.1564, -0.9355), (1.2404, 5.3764, -0.9355), (1.2793, 5.3764, -1.0907), (1.2793, 5.1564, -1.0907), (0.8661, 5.1564, -1.1942), (0.8273, 5.1564, -1.0390), (1.2404, 5.1564, -0.9355), (1.2793, 5.1564, -1.0907), (0.8661, 5.3764, -1.1942), (1.2793, 5.3764, -1.0907), (1.2404, 5.3764, -0.9355), (0.8273, 5.3764, -1.0390), (0.8661, 5.1564, -1.1942), (1.2793, 5.1564, -1.0907), (1.2793, 5.3764, -1.0907), (0.8661, 5.3764, -1.1942), (0.8273, 5.1564, -1.0390), (0.8273, 5.3764, -1.0390), (1.2404, 5.3764, -0.9355), (1.2404, 5.1564, -0.9355), (1.2868, 5.1564, -1.0884), (1.2868, 5.3764, -1.0884), (1.2329, 5.3764, -0.9378), (1.2329, 5.1564, -0.9378), (1.6339, 5.1564, -0.7943), (1.6339, 5.3764, -0.7943), (1.6878, 5.3764, -0.9450), (1.6878, 5.1564, -0.9450), (1.2868, 5.1564, -1.0884), (1.2329, 5.1564, -0.9378), (1.6339, 5.1564, -0.7943), (1.6878, 5.1564, -0.9450), (1.2868, 5.3764, -1.0884), (1.6878, 5.3764, -0.9450), (1.6339, 5.3764, -0.7943), (1.2329, 5.3764, -0.9378), (1.2868, 5.1564, -1.0884), (1.6878, 5.1564, -0.9450), (1.6878, 5.3764, -0.9450), (1.2868, 5.3764, -1.0884), (1.2329, 5.1564, -0.9378), (1.2329, 5.3764, -0.9378), (1.6339, 5.3764, -0.7943), (1.6339, 5.1564, -0.7943), (1.6951, 5.1564, -0.9420), (1.6951, 5.3764, -0.9420), (1.6266, 5.3764, -0.7973), (1.6266, 5.1564, -0.7973), (2.0117, 5.1564, -0.6152), (2.0117, 5.3764, -0.6152), (2.0801, 5.3764, -0.7599), (2.0801, 5.1564, -0.7599), (1.6951, 5.1564, -0.9420), (1.6266, 5.1564, -0.7973), (2.0117, 5.1564, -0.6152), (2.0801, 5.1564, -0.7599), (1.6951, 5.3764, -0.9420), (2.0801, 5.3764, -0.7599), (2.0117, 5.3764, -0.6152), (1.6266, 5.3764, -0.7973), (1.6951, 5.1564, -0.9420), (2.0801, 5.1564, -0.7599), (2.0801, 5.3764, -0.7599), (1.6951, 5.3764, -0.9420), (1.6266, 5.1564, -0.7973), (1.6266, 5.3764, -0.7973), (2.0117, 5.3764, -0.6152), (2.0117, 5.1564, -0.6152), (2.0870, 5.1564, -0.7562), (2.0870, 5.3764, -0.7562), (2.0047, 5.3764, -0.6189), (2.0047, 5.1564, -0.6189), (2.3700, 5.1564, -0.4000), (2.3700, 5.3764, -0.4000), (2.4523, 5.3764, -0.5372), (2.4523, 5.1564, -0.5372), (2.0870, 5.1564, -0.7562), (2.0047, 5.1564, -0.6189), (2.3700, 5.1564, -0.4000), (2.4523, 5.1564, -0.5372), (2.0870, 5.3764, -0.7562), (2.4523, 5.3764, -0.5372), (2.3700, 5.3764, -0.4000), (2.0047, 5.3764, -0.6189), (2.0870, 5.1564, -0.7562), (2.4523, 5.1564, -0.5372), (2.4523, 5.3764, -0.5372), (2.0870, 5.3764, -0.7562), (2.0047, 5.1564, -0.6189), (2.0047, 5.3764, -0.6189), (2.3700, 5.3764, -0.4000), (2.3700, 5.1564, -0.4000), (2.4588, 5.1564, -0.5328), (2.4588, 5.3764, -0.5328), (2.3635, 5.3764, -0.4043), (2.3635, 5.1564, -0.4043), (2.7056, 5.1564, -0.1506), (2.7056, 5.3764, -0.1506), (2.8009, 5.3764, -0.2791), (2.8009, 5.1564, -0.2791), (2.4588, 5.1564, -0.5328), (2.3635, 5.1564, -0.4043), (2.7056, 5.1564, -0.1506), (2.8009, 5.1564, -0.2791), (2.4588, 5.3764, -0.5328), (2.8009, 5.3764, -0.2791), (2.7056, 5.3764, -0.1506), (2.3635, 5.3764, -0.4043), (2.4588, 5.1564, -0.5328), (2.8009, 5.1564, -0.2791), (2.8009, 5.3764, -0.2791), (2.4588, 5.3764, -0.5328), (2.3635, 5.1564, -0.4043), (2.3635, 5.3764, -0.4043), (2.7056, 5.3764, -0.1506), (2.7056, 5.1564, -0.1506), (2.8070, 5.1564, -0.2741), (2.8070, 5.3764, -0.2741), (2.6995, 5.3764, -0.1556), (2.6995, 5.1564, -0.1556), (3.0151, 5.1564, 0.1304), (3.0151, 5.3764, 0.1304), (3.1226, 5.3764, 0.0119), (3.1226, 5.1564, 0.0119), (2.8070, 5.1564, -0.2741), (2.6995, 5.1564, -0.1556), (3.0151, 5.1564, 0.1304), (3.1226, 5.1564, 0.0119), (2.8070, 5.3764, -0.2741), (3.1226, 5.3764, 0.0119), (3.0151, 5.3764, 0.1304), (2.6995, 5.3764, -0.1556), (2.8070, 5.1564, -0.2741), (3.1226, 5.1564, 0.0119), (3.1226, 5.3764, 0.0119), (2.8070, 5.3764, -0.2741), (2.6995, 5.1564, -0.1556), (2.6995, 5.3764, -0.1556), (3.0151, 5.3764, 0.1304), (3.0151, 5.1564, 0.1304), (3.1281, 5.1564, 0.0174), (3.1281, 5.3764, 0.0174), (3.0096, 5.3764, 0.1249), (3.0096, 5.1564, 0.1249), (3.2956, 5.1564, 0.4405), (3.2956, 5.3764, 0.4405), (3.4141, 5.3764, 0.3330), (3.4141, 5.1564, 0.3330), (3.1281, 5.1564, 0.0174), (3.0096, 5.1564, 0.1249), (3.2956, 5.1564, 0.4405), (3.4141, 5.1564, 0.3330), (3.1281, 5.3764, 0.0174), (3.4141, 5.3764, 0.3330), (3.2956, 5.3764, 0.4405), (3.0096, 5.3764, 0.1249), (3.1281, 5.1564, 0.0174), (3.4141, 5.1564, 0.3330), (3.4141, 5.3764, 0.3330), (3.1281, 5.3764, 0.0174), (3.0096, 5.1564, 0.1249), (3.0096, 5.3764, 0.1249), (3.2956, 5.3764, 0.4405), (3.2956, 5.1564, 0.4405), (3.4191, 5.1564, 0.3391), (3.4191, 5.3764, 0.3391), (3.2906, 5.3764, 0.4344), (3.2906, 5.1564, 0.4344), (3.5443, 5.1564, 0.7765), (3.5443, 5.3764, 0.7765), (3.6728, 5.3764, 0.6812), (3.6728, 5.1564, 0.6812), (3.4191, 5.1564, 0.3391), (3.2906, 5.1564, 0.4344), (3.5443, 5.1564, 0.7765), (3.6728, 5.1564, 0.6812), (3.4191, 5.3764, 0.3391), (3.6728, 5.3764, 0.6812), (3.5443, 5.3764, 0.7765), (3.2906, 5.3764, 0.4344), (3.4191, 5.1564, 0.3391), (3.6728, 5.1564, 0.6812), (3.6728, 5.3764, 0.6812), (3.4191, 5.3764, 0.3391), (3.2906, 5.1564, 0.4344), (3.2906, 5.3764, 0.4344), (3.5443, 5.3764, 0.7765), (3.5443, 5.1564, 0.7765), (3.6772, 5.1564, 0.6877), (3.6772, 5.3764, 0.6877), (3.5400, 5.3764, 0.7700), (3.5400, 5.1564, 0.7700), (3.7589, 5.1564, 1.1353), (3.7589, 5.3764, 1.1353), (3.8962, 5.3764, 1.0530), (3.8962, 5.1564, 1.0530), (3.6772, 5.1564, 0.6877), (3.5400, 5.1564, 0.7700), (3.7589, 5.1564, 1.1353), (3.8962, 5.1564, 1.0530), (3.6772, 5.3764, 0.6877), (3.8962, 5.3764, 1.0530), (3.7589, 5.3764, 1.1353), (3.5400, 5.3764, 0.7700), (3.6772, 5.1564, 0.6877), (3.8962, 5.1564, 1.0530), (3.8962, 5.3764, 1.0530), (3.6772, 5.3764, 0.6877), (3.5400, 5.1564, 0.7700), (3.5400, 5.3764, 0.7700), (3.7589, 5.3764, 1.1353), (3.7589, 5.1564, 1.1353), (3.8999, 5.1564, 1.0599), (3.8999, 5.3764, 1.0599), (3.7552, 5.3764, 1.1283), (3.7552, 5.1564, 1.1283), (3.9373, 5.1564, 1.5134), (3.9373, 5.3764, 1.5134), (4.0820, 5.3764, 1.4449), (4.0820, 5.1564, 1.4449), (3.8999, 5.1564, 1.0599), (3.7552, 5.1564, 1.1283), (3.9373, 5.1564, 1.5134), (4.0820, 5.1564, 1.4449), (3.8999, 5.3764, 1.0599), (4.0820, 5.3764, 1.4449), (3.9373, 5.3764, 1.5134), (3.7552, 5.3764, 1.1283), (3.8999, 5.1564, 1.0599), (4.0820, 5.1564, 1.4449), (4.0820, 5.3764, 1.4449), (3.8999, 5.3764, 1.0599), (3.7552, 5.1564, 1.1283), (3.7552, 5.3764, 1.1283), (3.9373, 5.3764, 1.5134), (3.9373, 5.1564, 1.5134), (4.0850, 5.1564, 1.4522), (4.0850, 5.3764, 1.4522), (3.9343, 5.3764, 1.5061), (3.9343, 5.1564, 1.5061), (4.0778, 5.1564, 1.9071), (4.0778, 5.3764, 1.9071), (4.2284, 5.3764, 1.8532), (4.2284, 5.1564, 1.8532), (4.0850, 5.1564, 1.4522), (3.9343, 5.1564, 1.5061), (4.0778, 5.1564, 1.9071), (4.2284, 5.1564, 1.8532), (4.0850, 5.3764, 1.4522), (4.2284, 5.3764, 1.8532), (4.0778, 5.3764, 1.9071), (3.9343, 5.3764, 1.5061), (4.0850, 5.1564, 1.4522), (4.2284, 5.1564, 1.8532), (4.2284, 5.3764, 1.8532), (4.0850, 5.3764, 1.4522), (3.9343, 5.1564, 1.5061), (3.9343, 5.3764, 1.5061), (4.0778, 5.3764, 1.9071), (4.0778, 5.1564, 1.9071), (4.2307, 5.1564, 1.8607), (4.2307, 5.3764, 1.8607), (4.0755, 5.3764, 1.8996), (4.0755, 5.1564, 1.8996), (4.1790, 5.1564, 2.3127), (4.1790, 5.3764, 2.3127), (4.3342, 5.3764, 2.2739), (4.3342, 5.1564, 2.2739), (4.2307, 5.1564, 1.8607), (4.0755, 5.1564, 1.8996), (4.1790, 5.1564, 2.3127), (4.3342, 5.1564, 2.2739), (4.2307, 5.3764, 1.8607), (4.3342, 5.3764, 2.2739), (4.1790, 5.3764, 2.3127), (4.0755, 5.3764, 1.8996), (4.2307, 5.1564, 1.8607), (4.3342, 5.1564, 2.2739), (4.3342, 5.3764, 2.2739), (4.2307, 5.3764, 1.8607), (4.0755, 5.1564, 1.8996), (4.0755, 5.3764, 1.8996), (4.1790, 5.3764, 2.3127), (4.1790, 5.1564, 2.3127), (4.3357, 5.1564, 2.2816), (4.3357, 5.3764, 2.2816), (4.1775, 5.3764, 2.3050), (4.1775, 5.1564, 2.3050), (4.2400, 5.1564, 2.7263), (4.2400, 5.3764, 2.7263), (4.3982, 5.3764, 2.7029), (4.3982, 5.1564, 2.7029), (4.3357, 5.1564, 2.2816), (4.1775, 5.1564, 2.3050), (4.2400, 5.1564, 2.7263), (4.3982, 5.1564, 2.7029), (4.3357, 5.3764, 2.2816), (4.3982, 5.3764, 2.7029), (4.2400, 5.3764, 2.7263), (4.1775, 5.3764, 2.3050), (4.3357, 5.1564, 2.2816), (4.3982, 5.1564, 2.7029), (4.3982, 5.3764, 2.7029), (4.3357, 5.3764, 2.2816), (4.1775, 5.1564, 2.3050), (4.1775, 5.3764, 2.3050), (4.2400, 5.3764, 2.7263), (4.2400, 5.1564, 2.7263), (4.3990, 5.1564, 2.7107), (4.3990, 5.3764, 2.7107), (4.2392, 5.3764, 2.7185), (4.2392, 5.1564, 2.7185), (4.2601, 5.1564, 3.1439), (4.2601, 5.3764, 3.1439), (4.4199, 5.3764, 3.1361), (4.4199, 5.1564, 3.1361), (4.3990, 5.1564, 2.7107), (4.2392, 5.1564, 2.7185), (4.2601, 5.1564, 3.1439), (4.4199, 5.1564, 3.1361), (4.3990, 5.3764, 2.7107), (4.4199, 5.3764, 3.1361), (4.2601, 5.3764, 3.1439), (4.2392, 5.3764, 2.7185), (4.3990, 5.1564, 2.7107), (4.4199, 5.1564, 3.1361), (4.4199, 5.3764, 3.1361), (4.3990, 5.3764, 2.7107), (4.2392, 5.1564, 2.7185), (4.2392, 5.3764, 2.7185), (4.2601, 5.3764, 3.1439), (4.2601, 5.1564, 3.1439), (4.4199, 5.1564, 3.1439), (4.4199, 5.3764, 3.1439), (4.2601, 5.3764, 3.1361), (4.2601, 5.1564, 3.1361), (4.2392, 5.1564, 3.5615), (4.2392, 5.3764, 3.5615), (4.3990, 5.3764, 3.5693), (4.3990, 5.1564, 3.5693), (4.4199, 5.1564, 3.1439), (4.2601, 5.1564, 3.1361), (4.2392, 5.1564, 3.5615), (4.3990, 5.1564, 3.5693), (4.4199, 5.3764, 3.1439), (4.3990, 5.3764, 3.5693), (4.2392, 5.3764, 3.5615), (4.2601, 5.3764, 3.1361), (4.4199, 5.1564, 3.1439), (4.3990, 5.1564, 3.5693), (4.3990, 5.3764, 3.5693), (4.4199, 5.3764, 3.1439), (4.2601, 5.1564, 3.1361), (4.2601, 5.3764, 3.1361), (4.2392, 5.3764, 3.5615), (4.2392, 5.1564, 3.5615), (4.3982, 5.1564, 3.5771), (4.3982, 5.3764, 3.5771), (4.2400, 5.3764, 3.5537), (4.2400, 5.1564, 3.5537), (4.1775, 5.1564, 3.9750), (4.1775, 5.3764, 3.9750), (4.3357, 5.3764, 3.9984), (4.3357, 5.1564, 3.9984), (4.3982, 5.1564, 3.5771), (4.2400, 5.1564, 3.5537), (4.1775, 5.1564, 3.9750), (4.3357, 5.1564, 3.9984), (4.3982, 5.3764, 3.5771), (4.3357, 5.3764, 3.9984), (4.1775, 5.3764, 3.9750), (4.2400, 5.3764, 3.5537), (4.3982, 5.1564, 3.5771), (4.3357, 5.1564, 3.9984), (4.3357, 5.3764, 3.9984), (4.3982, 5.3764, 3.5771), (4.2400, 5.1564, 3.5537), (4.2400, 5.3764, 3.5537), (4.1775, 5.3764, 3.9750), (4.1775, 5.1564, 3.9750), (4.3342, 5.1564, 4.0061), (4.3342, 5.3764, 4.0061), (4.1790, 5.3764, 3.9673), (4.1790, 5.1564, 3.9673), (4.0755, 5.1564, 4.3804), (4.0755, 5.3764, 4.3804), (4.2307, 5.3764, 4.4193), (4.2307, 5.1564, 4.4193), (4.3342, 5.1564, 4.0061), (4.1790, 5.1564, 3.9673), (4.0755, 5.1564, 4.3804), (4.2307, 5.1564, 4.4193), (4.3342, 5.3764, 4.0061), (4.2307, 5.3764, 4.4193), (4.0755, 5.3764, 4.3804), (4.1790, 5.3764, 3.9673), (4.3342, 5.1564, 4.0061), (4.2307, 5.1564, 4.4193), (4.2307, 5.3764, 4.4193), (4.3342, 5.3764, 4.0061), (4.1790, 5.1564, 3.9673), (4.1790, 5.3764, 3.9673), (4.0755, 5.3764, 4.3804), (4.0755, 5.1564, 4.3804), (4.2284, 5.1564, 4.4268), (4.2284, 5.3764, 4.4268), (4.0778, 5.3764, 4.3729), (4.0778, 5.1564, 4.3729), (3.9343, 5.1564, 4.7739), (3.9343, 5.3764, 4.7739), (4.0850, 5.3764, 4.8278), (4.0850, 5.1564, 4.8278), (4.2284, 5.1564, 4.4268), (4.0778, 5.1564, 4.3729), (3.9343, 5.1564, 4.7739), (4.0850, 5.1564, 4.8278), (4.2284, 5.3764, 4.4268), (4.0850, 5.3764, 4.8278), (3.9343, 5.3764, 4.7739), (4.0778, 5.3764, 4.3729), (4.2284, 5.1564, 4.4268), (4.0850, 5.1564, 4.8278), (4.0850, 5.3764, 4.8278), (4.2284, 5.3764, 4.4268), (4.0778, 5.1564, 4.3729), (4.0778, 5.3764, 4.3729), (3.9343, 5.3764, 4.7739), (3.9343, 5.1564, 4.7739), (4.0820, 5.1564, 4.8351), (4.0820, 5.3764, 4.8351), (3.9373, 5.3764, 4.7666), (3.9373, 5.1564, 4.7666), (3.7552, 5.1564, 5.1517), (3.7552, 5.3764, 5.1517), (3.8999, 5.3764, 5.2201), (3.8999, 5.1564, 5.2201), (4.0820, 5.1564, 4.8351), (3.9373, 5.1564, 4.7666), (3.7552, 5.1564, 5.1517), (3.8999, 5.1564, 5.2201), (4.0820, 5.3764, 4.8351), (3.8999, 5.3764, 5.2201), (3.7552, 5.3764, 5.1517), (3.9373, 5.3764, 4.7666), (4.0820, 5.1564, 4.8351), (3.8999, 5.1564, 5.2201), (3.8999, 5.3764, 5.2201), (4.0820, 5.3764, 4.8351), (3.9373, 5.1564, 4.7666), (3.9373, 5.3764, 4.7666), (3.7552, 5.3764, 5.1517), (3.7552, 5.1564, 5.1517), (3.8962, 5.1564, 5.2270), (3.8962, 5.3764, 5.2270), (3.7589, 5.3764, 5.1447), (3.7589, 5.1564, 5.1447), (3.5400, 5.1564, 5.5100), (3.5400, 5.3764, 5.5100), (3.6772, 5.3764, 5.5923), (3.6772, 5.1564, 5.5923), (3.8962, 5.1564, 5.2270), (3.7589, 5.1564, 5.1447), (3.5400, 5.1564, 5.5100), (3.6772, 5.1564, 5.5923), (3.8962, 5.3764, 5.2270), (3.6772, 5.3764, 5.5923), (3.5400, 5.3764, 5.5100), (3.7589, 5.3764, 5.1447), (3.8962, 5.1564, 5.2270), (3.6772, 5.1564, 5.5923), (3.6772, 5.3764, 5.5923), (3.8962, 5.3764, 5.2270), (3.7589, 5.1564, 5.1447), (3.7589, 5.3764, 5.1447), (3.5400, 5.3764, 5.5100), (3.5400, 5.1564, 5.5100), (3.6728, 5.1564, 5.5988), (3.6728, 5.3764, 5.5988), (3.5443, 5.3764, 5.5035), (3.5443, 5.1564, 5.5035), (3.2906, 5.1564, 5.8456), (3.2906, 5.3764, 5.8456), (3.4191, 5.3764, 5.9409), (3.4191, 5.1564, 5.9409), (3.6728, 5.1564, 5.5988), (3.5443, 5.1564, 5.5035), (3.2906, 5.1564, 5.8456), (3.4191, 5.1564, 5.9409), (3.6728, 5.3764, 5.5988), (3.4191, 5.3764, 5.9409), (3.2906, 5.3764, 5.8456), (3.5443, 5.3764, 5.5035), (3.6728, 5.1564, 5.5988), (3.4191, 5.1564, 5.9409), (3.4191, 5.3764, 5.9409), (3.6728, 5.3764, 5.5988), (3.5443, 5.1564, 5.5035), (3.5443, 5.3764, 5.5035), (3.2906, 5.3764, 5.8456), (3.2906, 5.1564, 5.8456), (3.4141, 5.1564, 5.9470), (3.4141, 5.3764, 5.9470), (3.2956, 5.3764, 5.8395), (3.2956, 5.1564, 5.8395), (3.0096, 5.1564, 6.1551), (3.0096, 5.3764, 6.1551), (3.1281, 5.3764, 6.2626), (3.1281, 5.1564, 6.2626), (3.4141, 5.1564, 5.9470), (3.2956, 5.1564, 5.8395), (3.0096, 5.1564, 6.1551), (3.1281, 5.1564, 6.2626), (3.4141, 5.3764, 5.9470), (3.1281, 5.3764, 6.2626), (3.0096, 5.3764, 6.1551), (3.2956, 5.3764, 5.8395), (3.4141, 5.1564, 5.9470), (3.1281, 5.1564, 6.2626), (3.1281, 5.3764, 6.2626), (3.4141, 5.3764, 5.9470), (3.2956, 5.1564, 5.8395), (3.2956, 5.3764, 5.8395), (3.0096, 5.3764, 6.1551), (3.0096, 5.1564, 6.1551), (3.1226, 5.1564, 6.2681), (3.1226, 5.3764, 6.2681), (3.0151, 5.3764, 6.1496), (3.0151, 5.1564, 6.1496), (2.6995, 5.1564, 6.4356), (2.6995, 5.3764, 6.4356), (2.8070, 5.3764, 6.5541), (2.8070, 5.1564, 6.5541), (3.1226, 5.1564, 6.2681), (3.0151, 5.1564, 6.1496), (2.6995, 5.1564, 6.4356), (2.8070, 5.1564, 6.5541), (3.1226, 5.3764, 6.2681), (2.8070, 5.3764, 6.5541), (2.6995, 5.3764, 6.4356), (3.0151, 5.3764, 6.1496), (3.1226, 5.1564, 6.2681), (2.8070, 5.1564, 6.5541), (2.8070, 5.3764, 6.5541), (3.1226, 5.3764, 6.2681), (3.0151, 5.1564, 6.1496), (3.0151, 5.3764, 6.1496), (2.6995, 5.3764, 6.4356), (2.6995, 5.1564, 6.4356), (2.8009, 5.1564, 6.5591), (2.8009, 5.3764, 6.5591), (2.7056, 5.3764, 6.4306), (2.7056, 5.1564, 6.4306), (2.3635, 5.1564, 6.6843), (2.3635, 5.3764, 6.6843), (2.4588, 5.3764, 6.8128), (2.4588, 5.1564, 6.8128), (2.8009, 5.1564, 6.5591), (2.7056, 5.1564, 6.4306), (2.3635, 5.1564, 6.6843), (2.4588, 5.1564, 6.8128), (2.8009, 5.3764, 6.5591), (2.4588, 5.3764, 6.8128), (2.3635, 5.3764, 6.6843), (2.7056, 5.3764, 6.4306), (2.8009, 5.1564, 6.5591), (2.4588, 5.1564, 6.8128), (2.4588, 5.3764, 6.8128), (2.8009, 5.3764, 6.5591), (2.7056, 5.1564, 6.4306), (2.7056, 5.3764, 6.4306), (2.3635, 5.3764, 6.6843), (2.3635, 5.1564, 6.6843), (2.4523, 5.1564, 6.8172), (2.4523, 5.3764, 6.8172), (2.3700, 5.3764, 6.6800), (2.3700, 5.1564, 6.6800), (2.0047, 5.1564, 6.8989), (2.0047, 5.3764, 6.8989), (2.0870, 5.3764, 7.0362), (2.0870, 5.1564, 7.0362), (2.4523, 5.1564, 6.8172), (2.3700, 5.1564, 6.6800), (2.0047, 5.1564, 6.8989), (2.0870, 5.1564, 7.0362), (2.4523, 5.3764, 6.8172), (2.0870, 5.3764, 7.0362), (2.0047, 5.3764, 6.8989), (2.3700, 5.3764, 6.6800), (2.4523, 5.1564, 6.8172), (2.0870, 5.1564, 7.0362), (2.0870, 5.3764, 7.0362), (2.4523, 5.3764, 6.8172), (2.3700, 5.1564, 6.6800), (2.3700, 5.3764, 6.6800), (2.0047, 5.3764, 6.8989), (2.0047, 5.1564, 6.8989), (2.0801, 5.1564, 7.0399), (2.0801, 5.3764, 7.0399), (2.0117, 5.3764, 6.8952), (2.0117, 5.1564, 6.8952), (1.6266, 5.1564, 7.0773), (1.6266, 5.3764, 7.0773), (1.6951, 5.3764, 7.2220), (1.6951, 5.1564, 7.2220), (2.0801, 5.1564, 7.0399), (2.0117, 5.1564, 6.8952), (1.6266, 5.1564, 7.0773), (1.6951, 5.1564, 7.2220), (2.0801, 5.3764, 7.0399), (1.6951, 5.3764, 7.2220), (1.6266, 5.3764, 7.0773), (2.0117, 5.3764, 6.8952), (2.0801, 5.1564, 7.0399), (1.6951, 5.1564, 7.2220), (1.6951, 5.3764, 7.2220), (2.0801, 5.3764, 7.0399), (2.0117, 5.1564, 6.8952), (2.0117, 5.3764, 6.8952), (1.6266, 5.3764, 7.0773), (1.6266, 5.1564, 7.0773), (1.6878, 5.1564, 7.2250), (1.6878, 5.3764, 7.2250), (1.6339, 5.3764, 7.0743), (1.6339, 5.1564, 7.0743), (1.2329, 5.1564, 7.2178), (1.2329, 5.3764, 7.2178), (1.2868, 5.3764, 7.3684), (1.2868, 5.1564, 7.3684), (1.6878, 5.1564, 7.2250), (1.6339, 5.1564, 7.0743), (1.2329, 5.1564, 7.2178), (1.2868, 5.1564, 7.3684), (1.6878, 5.3764, 7.2250), (1.2868, 5.3764, 7.3684), (1.2329, 5.3764, 7.2178), (1.6339, 5.3764, 7.0743), (1.6878, 5.1564, 7.2250), (1.2868, 5.1564, 7.3684), (1.2868, 5.3764, 7.3684), (1.6878, 5.3764, 7.2250), (1.6339, 5.1564, 7.0743), (1.6339, 5.3764, 7.0743), (1.2329, 5.3764, 7.2178), (1.2329, 5.1564, 7.2178), (1.2793, 5.1564, 7.3707), (1.2793, 5.3764, 7.3707), (1.2404, 5.3764, 7.2155), (1.2404, 5.1564, 7.2155), (0.8273, 5.1564, 7.3190), (0.8273, 5.3764, 7.3190), (0.8661, 5.3764, 7.4742), (0.8661, 5.1564, 7.4742), (1.2793, 5.1564, 7.3707), (1.2404, 5.1564, 7.2155), (0.8273, 5.1564, 7.3190), (0.8661, 5.1564, 7.4742), (1.2793, 5.3764, 7.3707), (0.8661, 5.3764, 7.4742), (0.8273, 5.3764, 7.3190), (1.2404, 5.3764, 7.2155), (1.2793, 5.1564, 7.3707), (0.8661, 5.1564, 7.4742), (0.8661, 5.3764, 7.4742), (1.2793, 5.3764, 7.3707), (1.2404, 5.1564, 7.2155), (1.2404, 5.3764, 7.2155), (0.8273, 5.3764, 7.3190), (0.8273, 5.1564, 7.3190), (0.8584, 5.1564, 7.4757), (0.8584, 5.3764, 7.4757), (0.8350, 5.3764, 7.3175), (0.8350, 5.1564, 7.3175), (0.4137, 5.1564, 7.3800), (0.4137, 5.3764, 7.3800), (0.4371, 5.3764, 7.5382), (0.4371, 5.1564, 7.5382), (0.8584, 5.1564, 7.4757), (0.8350, 5.1564, 7.3175), (0.4137, 5.1564, 7.3800), (0.4371, 5.1564, 7.5382), (0.8584, 5.3764, 7.4757), (0.4371, 5.3764, 7.5382), (0.4137, 5.3764, 7.3800), (0.8350, 5.3764, 7.3175), (0.8584, 5.1564, 7.4757), (0.4371, 5.1564, 7.5382), (0.4371, 5.3764, 7.5382), (0.8584, 5.3764, 7.4757), (0.8350, 5.1564, 7.3175), (0.8350, 5.3764, 7.3175), (0.4137, 5.3764, 7.3800), (0.4137, 5.1564, 7.3800), (0.4293, 5.1564, 7.5390), (0.4293, 5.3764, 7.5390), (0.4215, 5.3764, 7.3792), (0.4215, 5.1564, 7.3792), (-0.0039, 5.1564, 7.4001), (-0.0039, 5.3764, 7.4001), (0.0039, 5.3764, 7.5599), (0.0039, 5.1564, 7.5599), (0.4293, 5.1564, 7.5390), (0.4215, 5.1564, 7.3792), (-0.0039, 5.1564, 7.4001), (0.0039, 5.1564, 7.5599), (0.4293, 5.3764, 7.5390), (0.0039, 5.3764, 7.5599), (-0.0039, 5.3764, 7.4001), (0.4215, 5.3764, 7.3792), (0.4293, 5.1564, 7.5390), (0.0039, 5.1564, 7.5599), (0.0039, 5.3764, 7.5599), (0.4293, 5.3764, 7.5390), (0.4215, 5.1564, 7.3792), (0.4215, 5.3764, 7.3792), (-0.0039, 5.3764, 7.4001), (-0.0039, 5.1564, 7.4001), (-0.0039, 5.1564, 7.5599), (-0.0039, 5.3764, 7.5599), (0.0039, 5.3764, 7.4001), (0.0039, 5.1564, 7.4001), (-0.4215, 5.1564, 7.3792), (-0.4215, 5.3764, 7.3792), (-0.4293, 5.3764, 7.5390), (-0.4293, 5.1564, 7.5390), (-0.0039, 5.1564, 7.5599), (0.0039, 5.1564, 7.4001), (-0.4215, 5.1564, 7.3792), (-0.4293, 5.1564, 7.5390), (-0.0039, 5.3764, 7.5599), (-0.4293, 5.3764, 7.5390), (-0.4215, 5.3764, 7.3792), (0.0039, 5.3764, 7.4001), (-0.0039, 5.1564, 7.5599), (-0.4293, 5.1564, 7.5390), (-0.4293, 5.3764, 7.5390), (-0.0039, 5.3764, 7.5599), (0.0039, 5.1564, 7.4001), (0.0039, 5.3764, 7.4001), (-0.4215, 5.3764, 7.3792), (-0.4215, 5.1564, 7.3792), (-0.4371, 5.1564, 7.5382), (-0.4371, 5.3764, 7.5382), (-0.4137, 5.3764, 7.3800), (-0.4137, 5.1564, 7.3800), (-0.8350, 5.1564, 7.3175), (-0.8350, 5.3764, 7.3175), (-0.8584, 5.3764, 7.4757), (-0.8584, 5.1564, 7.4757), (-0.4371, 5.1564, 7.5382), (-0.4137, 5.1564, 7.3800), (-0.8350, 5.1564, 7.3175), (-0.8584, 5.1564, 7.4757), (-0.4371, 5.3764, 7.5382), (-0.8584, 5.3764, 7.4757), (-0.8350, 5.3764, 7.3175), (-0.4137, 5.3764, 7.3800), (-0.4371, 5.1564, 7.5382), (-0.8584, 5.1564, 7.4757), (-0.8584, 5.3764, 7.4757), (-0.4371, 5.3764, 7.5382), (-0.4137, 5.1564, 7.3800), (-0.4137, 5.3764, 7.3800), (-0.8350, 5.3764, 7.3175), (-0.8350, 5.1564, 7.3175), (-0.8661, 5.1564, 7.4742), (-0.8661, 5.3764, 7.4742), (-0.8273, 5.3764, 7.3190), (-0.8273, 5.1564, 7.3190), (-1.2404, 5.1564, 7.2155), (-1.2404, 5.3764, 7.2155), (-1.2793, 5.3764, 7.3707), (-1.2793, 5.1564, 7.3707), (-0.8661, 5.1564, 7.4742), (-0.8273, 5.1564, 7.3190), (-1.2404, 5.1564, 7.2155), (-1.2793, 5.1564, 7.3707), (-0.8661, 5.3764, 7.4742), (-1.2793, 5.3764, 7.3707), (-1.2404, 5.3764, 7.2155), (-0.8273, 5.3764, 7.3190), (-0.8661, 5.1564, 7.4742), (-1.2793, 5.1564, 7.3707), (-1.2793, 5.3764, 7.3707), (-0.8661, 5.3764, 7.4742), (-0.8273, 5.1564, 7.3190), (-0.8273, 5.3764, 7.3190), (-1.2404, 5.3764, 7.2155), (-1.2404, 5.1564, 7.2155), (-1.2868, 5.1564, 7.3684), (-1.2868, 5.3764, 7.3684), (-1.2329, 5.3764, 7.2178), (-1.2329, 5.1564, 7.2178), (-1.6339, 5.1564, 7.0743), (-1.6339, 5.3764, 7.0743), (-1.6878, 5.3764, 7.2250), (-1.6878, 5.1564, 7.2250), (-1.2868, 5.1564, 7.3684), (-1.2329, 5.1564, 7.2178), (-1.6339, 5.1564, 7.0743), (-1.6878, 5.1564, 7.2250), (-1.2868, 5.3764, 7.3684), (-1.6878, 5.3764, 7.2250), (-1.6339, 5.3764, 7.0743), (-1.2329, 5.3764, 7.2178), (-1.2868, 5.1564, 7.3684), (-1.6878, 5.1564, 7.2250), (-1.6878, 5.3764, 7.2250), (-1.2868, 5.3764, 7.3684), (-1.2329, 5.1564, 7.2178), (-1.2329, 5.3764, 7.2178), (-1.6339, 5.3764, 7.0743), (-1.6339, 5.1564, 7.0743), (-1.6951, 5.1564, 7.2220), (-1.6951, 5.3764, 7.2220), (-1.6266, 5.3764, 7.0773), (-1.6266, 5.1564, 7.0773), (-2.0117, 5.1564, 6.8952), (-2.0117, 5.3764, 6.8952), (-2.0801, 5.3764, 7.0399), (-2.0801, 5.1564, 7.0399), (-1.6951, 5.1564, 7.2220), (-1.6266, 5.1564, 7.0773), (-2.0117, 5.1564, 6.8952), (-2.0801, 5.1564, 7.0399), (-1.6951, 5.3764, 7.2220), (-2.0801, 5.3764, 7.0399), (-2.0117, 5.3764, 6.8952), (-1.6266, 5.3764, 7.0773), (-1.6951, 5.1564, 7.2220), (-2.0801, 5.1564, 7.0399), (-2.0801, 5.3764, 7.0399), (-1.6951, 5.3764, 7.2220), (-1.6266, 5.1564, 7.0773), (-1.6266, 5.3764, 7.0773), (-2.0117, 5.3764, 6.8952), (-2.0117, 5.1564, 6.8952), (-2.0870, 5.1564, 7.0362), (-2.0870, 5.3764, 7.0362), (-2.0047, 5.3764, 6.8989), (-2.0047, 5.1564, 6.8989), (-2.3700, 5.1564, 6.6800), (-2.3700, 5.3764, 6.6800), (-2.4523, 5.3764, 6.8172), (-2.4523, 5.1564, 6.8172), (-2.0870, 5.1564, 7.0362), (-2.0047, 5.1564, 6.8989), (-2.3700, 5.1564, 6.6800), (-2.4523, 5.1564, 6.8172), (-2.0870, 5.3764, 7.0362), (-2.4523, 5.3764, 6.8172), (-2.3700, 5.3764, 6.6800), (-2.0047, 5.3764, 6.8989), (-2.0870, 5.1564, 7.0362), (-2.4523, 5.1564, 6.8172), (-2.4523, 5.3764, 6.8172), (-2.0870, 5.3764, 7.0362), (-2.0047, 5.1564, 6.8989), (-2.0047, 5.3764, 6.8989), (-2.3700, 5.3764, 6.6800), (-2.3700, 5.1564, 6.6800), (-2.4588, 5.1564, 6.8128), (-2.4588, 5.3764, 6.8128), (-2.3635, 5.3764, 6.6843), (-2.3635, 5.1564, 6.6843), (-2.7056, 5.1564, 6.4306), (-2.7056, 5.3764, 6.4306), (-2.8009, 5.3764, 6.5591), (-2.8009, 5.1564, 6.5591), (-2.4588, 5.1564, 6.8128), (-2.3635, 5.1564, 6.6843), (-2.7056, 5.1564, 6.4306), (-2.8009, 5.1564, 6.5591), (-2.4588, 5.3764, 6.8128), (-2.8009, 5.3764, 6.5591), (-2.7056, 5.3764, 6.4306), (-2.3635, 5.3764, 6.6843), (-2.4588, 5.1564, 6.8128), (-2.8009, 5.1564, 6.5591), (-2.8009, 5.3764, 6.5591), (-2.4588, 5.3764, 6.8128), (-2.3635, 5.1564, 6.6843), (-2.3635, 5.3764, 6.6843), (-2.7056, 5.3764, 6.4306), (-2.7056, 5.1564, 6.4306), (-2.8070, 5.1564, 6.5541), (-2.8070, 5.3764, 6.5541), (-2.6995, 5.3764, 6.4356), (-2.6995, 5.1564, 6.4356), (-3.0151, 5.1564, 6.1496), (-3.0151, 5.3764, 6.1496), (-3.1226, 5.3764, 6.2681), (-3.1226, 5.1564, 6.2681), (-2.8070, 5.1564, 6.5541), (-2.6995, 5.1564, 6.4356), (-3.0151, 5.1564, 6.1496), (-3.1226, 5.1564, 6.2681), (-2.8070, 5.3764, 6.5541), (-3.1226, 5.3764, 6.2681), (-3.0151, 5.3764, 6.1496), (-2.6995, 5.3764, 6.4356), (-2.8070, 5.1564, 6.5541), (-3.1226, 5.1564, 6.2681), (-3.1226, 5.3764, 6.2681), (-2.8070, 5.3764, 6.5541), (-2.6995, 5.1564, 6.4356), (-2.6995, 5.3764, 6.4356), (-3.0151, 5.3764, 6.1496), (-3.0151, 5.1564, 6.1496), (-3.1281, 5.1564, 6.2626), (-3.1281, 5.3764, 6.2626), (-3.0096, 5.3764, 6.1551), (-3.0096, 5.1564, 6.1551), (-3.2956, 5.1564, 5.8395), (-3.2956, 5.3764, 5.8395), (-3.4141, 5.3764, 5.9470), (-3.4141, 5.1564, 5.9470), (-3.1281, 5.1564, 6.2626), (-3.0096, 5.1564, 6.1551), (-3.2956, 5.1564, 5.8395), (-3.4141, 5.1564, 5.9470), (-3.1281, 5.3764, 6.2626), (-3.4141, 5.3764, 5.9470), (-3.2956, 5.3764, 5.8395), (-3.0096, 5.3764, 6.1551), (-3.1281, 5.1564, 6.2626), (-3.4141, 5.1564, 5.9470), (-3.4141, 5.3764, 5.9470), (-3.1281, 5.3764, 6.2626), (-3.0096, 5.1564, 6.1551), (-3.0096, 5.3764, 6.1551), (-3.2956, 5.3764, 5.8395), (-3.2956, 5.1564, 5.8395), (-3.4191, 5.1564, 5.9409), (-3.4191, 5.3764, 5.9409), (-3.2906, 5.3764, 5.8456), (-3.2906, 5.1564, 5.8456), (-3.5443, 5.1564, 5.5035), (-3.5443, 5.3764, 5.5035), (-3.6728, 5.3764, 5.5988), (-3.6728, 5.1564, 5.5988), (-3.4191, 5.1564, 5.9409), (-3.2906, 5.1564, 5.8456), (-3.5443, 5.1564, 5.5035), (-3.6728, 5.1564, 5.5988), (-3.4191, 5.3764, 5.9409), (-3.6728, 5.3764, 5.5988), (-3.5443, 5.3764, 5.5035), (-3.2906, 5.3764, 5.8456), (-3.4191, 5.1564, 5.9409), (-3.6728, 5.1564, 5.5988), (-3.6728, 5.3764, 5.5988), (-3.4191, 5.3764, 5.9409), (-3.2906, 5.1564, 5.8456), (-3.2906, 5.3764, 5.8456), (-3.5443, 5.3764, 5.5035), (-3.5443, 5.1564, 5.5035), (-3.6772, 5.1564, 5.5923), (-3.6772, 5.3764, 5.5923), (-3.5400, 5.3764, 5.5100), (-3.5400, 5.1564, 5.5100), (-3.7589, 5.1564, 5.1447), (-3.7589, 5.3764, 5.1447), (-3.8962, 5.3764, 5.2270), (-3.8962, 5.1564, 5.2270), (-3.6772, 5.1564, 5.5923), (-3.5400, 5.1564, 5.5100), (-3.7589, 5.1564, 5.1447), (-3.8962, 5.1564, 5.2270), (-3.6772, 5.3764, 5.5923), (-3.8962, 5.3764, 5.2270), (-3.7589, 5.3764, 5.1447), (-3.5400, 5.3764, 5.5100), (-3.6772, 5.1564, 5.5923), (-3.8962, 5.1564, 5.2270), (-3.8962, 5.3764, 5.2270), (-3.6772, 5.3764, 5.5923), (-3.5400, 5.1564, 5.5100), (-3.5400, 5.3764, 5.5100), (-3.7589, 5.3764, 5.1447), (-3.7589, 5.1564, 5.1447), (-3.8999, 5.1564, 5.2201), (-3.8999, 5.3764, 5.2201), (-3.7552, 5.3764, 5.1517), (-3.7552, 5.1564, 5.1517), (-3.9373, 5.1564, 4.7666), (-3.9373, 5.3764, 4.7666), (-4.0820, 5.3764, 4.8351), (-4.0820, 5.1564, 4.8351), (-3.8999, 5.1564, 5.2201), (-3.7552, 5.1564, 5.1517), (-3.9373, 5.1564, 4.7666), (-4.0820, 5.1564, 4.8351), (-3.8999, 5.3764, 5.2201), (-4.0820, 5.3764, 4.8351), (-3.9373, 5.3764, 4.7666), (-3.7552, 5.3764, 5.1517), (-3.8999, 5.1564, 5.2201), (-4.0820, 5.1564, 4.8351), (-4.0820, 5.3764, 4.8351), (-3.8999, 5.3764, 5.2201), (-3.7552, 5.1564, 5.1517), (-3.7552, 5.3764, 5.1517), (-3.9373, 5.3764, 4.7666), (-3.9373, 5.1564, 4.7666), (-4.0850, 5.1564, 4.8278), (-4.0850, 5.3764, 4.8278), (-3.9343, 5.3764, 4.7739), (-3.9343, 5.1564, 4.7739), (-4.0778, 5.1564, 4.3729), (-4.0778, 5.3764, 4.3729), (-4.2284, 5.3764, 4.4268), (-4.2284, 5.1564, 4.4268), (-4.0850, 5.1564, 4.8278), (-3.9343, 5.1564, 4.7739), (-4.0778, 5.1564, 4.3729), (-4.2284, 5.1564, 4.4268), (-4.0850, 5.3764, 4.8278), (-4.2284, 5.3764, 4.4268), (-4.0778, 5.3764, 4.3729), (-3.9343, 5.3764, 4.7739), (-4.0850, 5.1564, 4.8278), (-4.2284, 5.1564, 4.4268), (-4.2284, 5.3764, 4.4268), (-4.0850, 5.3764, 4.8278), (-3.9343, 5.1564, 4.7739), (-3.9343, 5.3764, 4.7739), (-4.0778, 5.3764, 4.3729), (-4.0778, 5.1564, 4.3729), (-4.2307, 5.1564, 4.4193), (-4.2307, 5.3764, 4.4193), (-4.0755, 5.3764, 4.3804), (-4.0755, 5.1564, 4.3804), (-4.1790, 5.1564, 3.9673), (-4.1790, 5.3764, 3.9673), (-4.3342, 5.3764, 4.0061), (-4.3342, 5.1564, 4.0061), (-4.2307, 5.1564, 4.4193), (-4.0755, 5.1564, 4.3804), (-4.1790, 5.1564, 3.9673), (-4.3342, 5.1564, 4.0061), (-4.2307, 5.3764, 4.4193), (-4.3342, 5.3764, 4.0061), (-4.1790, 5.3764, 3.9673), (-4.0755, 5.3764, 4.3804), (-4.2307, 5.1564, 4.4193), (-4.3342, 5.1564, 4.0061), (-4.3342, 5.3764, 4.0061), (-4.2307, 5.3764, 4.4193), (-4.0755, 5.1564, 4.3804), (-4.0755, 5.3764, 4.3804), (-4.1790, 5.3764, 3.9673), (-4.1790, 5.1564, 3.9673), (-4.3357, 5.1564, 3.9984), (-4.3357, 5.3764, 3.9984), (-4.1775, 5.3764, 3.9750), (-4.1775, 5.1564, 3.9750), (-4.2400, 5.1564, 3.5537), (-4.2400, 5.3764, 3.5537), (-4.3982, 5.3764, 3.5771), (-4.3982, 5.1564, 3.5771), (-4.3357, 5.1564, 3.9984), (-4.1775, 5.1564, 3.9750), (-4.2400, 5.1564, 3.5537), (-4.3982, 5.1564, 3.5771), (-4.3357, 5.3764, 3.9984), (-4.3982, 5.3764, 3.5771), (-4.2400, 5.3764, 3.5537), (-4.1775, 5.3764, 3.9750), (-4.3357, 5.1564, 3.9984), (-4.3982, 5.1564, 3.5771), (-4.3982, 5.3764, 3.5771), (-4.3357, 5.3764, 3.9984), (-4.1775, 5.1564, 3.9750), (-4.1775, 5.3764, 3.9750), (-4.2400, 5.3764, 3.5537), (-4.2400, 5.1564, 3.5537), (-4.3990, 5.1564, 3.5693), (-4.3990, 5.3764, 3.5693), (-4.2392, 5.3764, 3.5615), (-4.2392, 5.1564, 3.5615), (-4.2601, 5.1564, 3.1361), (-4.2601, 5.3764, 3.1361), (-4.4199, 5.3764, 3.1439), (-4.4199, 5.1564, 3.1439), (-4.3990, 5.1564, 3.5693), (-4.2392, 5.1564, 3.5615), (-4.2601, 5.1564, 3.1361), (-4.4199, 5.1564, 3.1439), (-4.3990, 5.3764, 3.5693), (-4.4199, 5.3764, 3.1439), (-4.2601, 5.3764, 3.1361), (-4.2392, 5.3764, 3.5615), (-4.3990, 5.1564, 3.5693), (-4.4199, 5.1564, 3.1439), (-4.4199, 5.3764, 3.1439), (-4.3990, 5.3764, 3.5693), (-4.2392, 5.1564, 3.5615), (-4.2392, 5.3764, 3.5615), (-4.2601, 5.3764, 3.1361), (-4.2601, 5.1564, 3.1361), (-4.4199, 5.1564, 3.1361), (-4.4199, 5.3764, 3.1361), (-4.2601, 5.3764, 3.1439), (-4.2601, 5.1564, 3.1439), (-4.2392, 5.1564, 2.7185), (-4.2392, 5.3764, 2.7185), (-4.3990, 5.3764, 2.7107), (-4.3990, 5.1564, 2.7107), (-4.4199, 5.1564, 3.1361), (-4.2601, 5.1564, 3.1439), (-4.2392, 5.1564, 2.7185), (-4.3990, 5.1564, 2.7107), (-4.4199, 5.3764, 3.1361), (-4.3990, 5.3764, 2.7107), (-4.2392, 5.3764, 2.7185), (-4.2601, 5.3764, 3.1439), (-4.4199, 5.1564, 3.1361), (-4.3990, 5.1564, 2.7107), (-4.3990, 5.3764, 2.7107), (-4.4199, 5.3764, 3.1361), (-4.2601, 5.1564, 3.1439), (-4.2601, 5.3764, 3.1439), (-4.2392, 5.3764, 2.7185), (-4.2392, 5.1564, 2.7185), (-4.3982, 5.1564, 2.7029), (-4.3982, 5.3764, 2.7029), (-4.2400, 5.3764, 2.7263), (-4.2400, 5.1564, 2.7263), (-4.1775, 5.1564, 2.3050), (-4.1775, 5.3764, 2.3050), (-4.3357, 5.3764, 2.2816), (-4.3357, 5.1564, 2.2816), (-4.3982, 5.1564, 2.7029), (-4.2400, 5.1564, 2.7263), (-4.1775, 5.1564, 2.3050), (-4.3357, 5.1564, 2.2816), (-4.3982, 5.3764, 2.7029), (-4.3357, 5.3764, 2.2816), (-4.1775, 5.3764, 2.3050), (-4.2400, 5.3764, 2.7263), (-4.3982, 5.1564, 2.7029), (-4.3357, 5.1564, 2.2816), (-4.3357, 5.3764, 2.2816), (-4.3982, 5.3764, 2.7029), (-4.2400, 5.1564, 2.7263), (-4.2400, 5.3764, 2.7263), (-4.1775, 5.3764, 2.3050), (-4.1775, 5.1564, 2.3050), (-4.3342, 5.1564, 2.2739), (-4.3342, 5.3764, 2.2739), (-4.1790, 5.3764, 2.3127), (-4.1790, 5.1564, 2.3127), (-4.0755, 5.1564, 1.8996), (-4.0755, 5.3764, 1.8996), (-4.2307, 5.3764, 1.8607), (-4.2307, 5.1564, 1.8607), (-4.3342, 5.1564, 2.2739), (-4.1790, 5.1564, 2.3127), (-4.0755, 5.1564, 1.8996), (-4.2307, 5.1564, 1.8607), (-4.3342, 5.3764, 2.2739), (-4.2307, 5.3764, 1.8607), (-4.0755, 5.3764, 1.8996), (-4.1790, 5.3764, 2.3127), (-4.3342, 5.1564, 2.2739), (-4.2307, 5.1564, 1.8607), (-4.2307, 5.3764, 1.8607), (-4.3342, 5.3764, 2.2739), (-4.1790, 5.1564, 2.3127), (-4.1790, 5.3764, 2.3127), (-4.0755, 5.3764, 1.8996), (-4.0755, 5.1564, 1.8996), (-4.2284, 5.1564, 1.8532), (-4.2284, 5.3764, 1.8532), (-4.0778, 5.3764, 1.9071), (-4.0778, 5.1564, 1.9071), (-3.9343, 5.1564, 1.5061), (-3.9343, 5.3764, 1.5061), (-4.0850, 5.3764, 1.4522), (-4.0850, 5.1564, 1.4522), (-4.2284, 5.1564, 1.8532), (-4.0778, 5.1564, 1.9071), (-3.9343, 5.1564, 1.5061), (-4.0850, 5.1564, 1.4522), (-4.2284, 5.3764, 1.8532), (-4.0850, 5.3764, 1.4522), (-3.9343, 5.3764, 1.5061), (-4.0778, 5.3764, 1.9071), (-4.2284, 5.1564, 1.8532), (-4.0850, 5.1564, 1.4522), (-4.0850, 5.3764, 1.4522), (-4.2284, 5.3764, 1.8532), (-4.0778, 5.1564, 1.9071), (-4.0778, 5.3764, 1.9071), (-3.9343, 5.3764, 1.5061), (-3.9343, 5.1564, 1.5061), (-4.0820, 5.1564, 1.4449), (-4.0820, 5.3764, 1.4449), (-3.9373, 5.3764, 1.5134), (-3.9373, 5.1564, 1.5134), (-3.7552, 5.1564, 1.1283), (-3.7552, 5.3764, 1.1283), (-3.8999, 5.3764, 1.0599), (-3.8999, 5.1564, 1.0599), (-4.0820, 5.1564, 1.4449), (-3.9373, 5.1564, 1.5134), (-3.7552, 5.1564, 1.1283), (-3.8999, 5.1564, 1.0599), (-4.0820, 5.3764, 1.4449), (-3.8999, 5.3764, 1.0599), (-3.7552, 5.3764, 1.1283), (-3.9373, 5.3764, 1.5134), (-4.0820, 5.1564, 1.4449), (-3.8999, 5.1564, 1.0599), (-3.8999, 5.3764, 1.0599), (-4.0820, 5.3764, 1.4449), (-3.9373, 5.1564, 1.5134), (-3.9373, 5.3764, 1.5134), (-3.7552, 5.3764, 1.1283), (-3.7552, 5.1564, 1.1283), (-3.8962, 5.1564, 1.0530), (-3.8962, 5.3764, 1.0530), (-3.7589, 5.3764, 1.1353), (-3.7589, 5.1564, 1.1353), (-3.5400, 5.1564, 0.7700), (-3.5400, 5.3764, 0.7700), (-3.6772, 5.3764, 0.6877), (-3.6772, 5.1564, 0.6877), (-3.8962, 5.1564, 1.0530), (-3.7589, 5.1564, 1.1353), (-3.5400, 5.1564, 0.7700), (-3.6772, 5.1564, 0.6877), (-3.8962, 5.3764, 1.0530), (-3.6772, 5.3764, 0.6877), (-3.5400, 5.3764, 0.7700), (-3.7589, 5.3764, 1.1353), (-3.8962, 5.1564, 1.0530), (-3.6772, 5.1564, 0.6877), (-3.6772, 5.3764, 0.6877), (-3.8962, 5.3764, 1.0530), (-3.7589, 5.1564, 1.1353), (-3.7589, 5.3764, 1.1353), (-3.5400, 5.3764, 0.7700), (-3.5400, 5.1564, 0.7700), (-3.6728, 5.1564, 0.6812), (-3.6728, 5.3764, 0.6812), (-3.5443, 5.3764, 0.7765), (-3.5443, 5.1564, 0.7765), (-3.2906, 5.1564, 0.4344), (-3.2906, 5.3764, 0.4344), (-3.4191, 5.3764, 0.3391), (-3.4191, 5.1564, 0.3391), (-3.6728, 5.1564, 0.6812), (-3.5443, 5.1564, 0.7765), (-3.2906, 5.1564, 0.4344), (-3.4191, 5.1564, 0.3391), (-3.6728, 5.3764, 0.6812), (-3.4191, 5.3764, 0.3391), (-3.2906, 5.3764, 0.4344), (-3.5443, 5.3764, 0.7765), (-3.6728, 5.1564, 0.6812), (-3.4191, 5.1564, 0.3391), (-3.4191, 5.3764, 0.3391), (-3.6728, 5.3764, 0.6812), (-3.5443, 5.1564, 0.7765), (-3.5443, 5.3764, 0.7765), (-3.2906, 5.3764, 0.4344), (-3.2906, 5.1564, 0.4344), (-3.4141, 5.1564, 0.3330), (-3.4141, 5.3764, 0.3330), (-3.2956, 5.3764, 0.4405), (-3.2956, 5.1564, 0.4405), (-3.0096, 5.1564, 0.1249), (-3.0096, 5.3764, 0.1249), (-3.1281, 5.3764, 0.0174), (-3.1281, 5.1564, 0.0174), (-3.4141, 5.1564, 0.3330), (-3.2956, 5.1564, 0.4405), (-3.0096, 5.1564, 0.1249), (-3.1281, 5.1564, 0.0174), (-3.4141, 5.3764, 0.3330), (-3.1281, 5.3764, 0.0174), (-3.0096, 5.3764, 0.1249), (-3.2956, 5.3764, 0.4405), (-3.4141, 5.1564, 0.3330), (-3.1281, 5.1564, 0.0174), (-3.1281, 5.3764, 0.0174), (-3.4141, 5.3764, 0.3330), (-3.2956, 5.1564, 0.4405), (-3.2956, 5.3764, 0.4405), (-3.0096, 5.3764, 0.1249), (-3.0096, 5.1564, 0.1249), (-3.1226, 5.1564, 0.0119), (-3.1226, 5.3764, 0.0119), (-3.0151, 5.3764, 0.1304), (-3.0151, 5.1564, 0.1304), (-2.6995, 5.1564, -0.1556), (-2.6995, 5.3764, -0.1556), (-2.8070, 5.3764, -0.2741), (-2.8070, 5.1564, -0.2741), (-3.1226, 5.1564, 0.0119), (-3.0151, 5.1564, 0.1304), (-2.6995, 5.1564, -0.1556), (-2.8070, 5.1564, -0.2741), (-3.1226, 5.3764, 0.0119), (-2.8070, 5.3764, -0.2741), (-2.6995, 5.3764, -0.1556), (-3.0151, 5.3764, 0.1304), (-3.1226, 5.1564, 0.0119), (-2.8070, 5.1564, -0.2741), (-2.8070, 5.3764, -0.2741), (-3.1226, 5.3764, 0.0119), (-3.0151, 5.1564, 0.1304), (-3.0151, 5.3764, 0.1304), (-2.6995, 5.3764, -0.1556), (-2.6995, 5.1564, -0.1556), (-2.8009, 5.1564, -0.2791), (-2.8009, 5.3764, -0.2791), (-2.7056, 5.3764, -0.1506), (-2.7056, 5.1564, -0.1506), (-2.3635, 5.1564, -0.4043), (-2.3635, 5.3764, -0.4043), (-2.4588, 5.3764, -0.5328), (-2.4588, 5.1564, -0.5328), (-2.8009, 5.1564, -0.2791), (-2.7056, 5.1564, -0.1506), (-2.3635, 5.1564, -0.4043), (-2.4588, 5.1564, -0.5328), (-2.8009, 5.3764, -0.2791), (-2.4588, 5.3764, -0.5328), (-2.3635, 5.3764, -0.4043), (-2.7056, 5.3764, -0.1506), (-2.8009, 5.1564, -0.2791), (-2.4588, 5.1564, -0.5328), (-2.4588, 5.3764, -0.5328), (-2.8009, 5.3764, -0.2791), (-2.7056, 5.1564, -0.1506), (-2.7056, 5.3764, -0.1506), (-2.3635, 5.3764, -0.4043), (-2.3635, 5.1564, -0.4043), (-2.4523, 5.1564, -0.5372), (-2.4523, 5.3764, -0.5372), (-2.3700, 5.3764, -0.4000), (-2.3700, 5.1564, -0.4000), (-2.0047, 5.1564, -0.6189), (-2.0047, 5.3764, -0.6189), (-2.0870, 5.3764, -0.7562), (-2.0870, 5.1564, -0.7562), (-2.4523, 5.1564, -0.5372), (-2.3700, 5.1564, -0.4000), (-2.0047, 5.1564, -0.6189), (-2.0870, 5.1564, -0.7562), (-2.4523, 5.3764, -0.5372), (-2.0870, 5.3764, -0.7562), (-2.0047, 5.3764, -0.6189), (-2.3700, 5.3764, -0.4000), (-2.4523, 5.1564, -0.5372), (-2.0870, 5.1564, -0.7562), (-2.0870, 5.3764, -0.7562), (-2.4523, 5.3764, -0.5372), (-2.3700, 5.1564, -0.4000), (-2.3700, 5.3764, -0.4000), (-2.0047, 5.3764, -0.6189), (-2.0047, 5.1564, -0.6189), (-2.0801, 5.1564, -0.7599), (-2.0801, 5.3764, -0.7599), (-2.0117, 5.3764, -0.6152), (-2.0117, 5.1564, -0.6152), (-1.6266, 5.1564, -0.7973), (-1.6266, 5.3764, -0.7973), (-1.6951, 5.3764, -0.9420), (-1.6951, 5.1564, -0.9420), (-2.0801, 5.1564, -0.7599), (-2.0117, 5.1564, -0.6152), (-1.6266, 5.1564, -0.7973), (-1.6951, 5.1564, -0.9420), (-2.0801, 5.3764, -0.7599), (-1.6951, 5.3764, -0.9420), (-1.6266, 5.3764, -0.7973), (-2.0117, 5.3764, -0.6152), (-2.0801, 5.1564, -0.7599), (-1.6951, 5.1564, -0.9420), (-1.6951, 5.3764, -0.9420), (-2.0801, 5.3764, -0.7599), (-2.0117, 5.1564, -0.6152), (-2.0117, 5.3764, -0.6152), (-1.6266, 5.3764, -0.7973), (-1.6266, 5.1564, -0.7973), (-1.6878, 5.1564, -0.9450), (-1.6878, 5.3764, -0.9450), (-1.6339, 5.3764, -0.7943), (-1.6339, 5.1564, -0.7943), (-1.2329, 5.1564, -0.9378), (-1.2329, 5.3764, -0.9378), (-1.2868, 5.3764, -1.0884), (-1.2868, 5.1564, -1.0884), (-1.6878, 5.1564, -0.9450), (-1.6339, 5.1564, -0.7943), (-1.2329, 5.1564, -0.9378), (-1.2868, 5.1564, -1.0884), (-1.6878, 5.3764, -0.9450), (-1.2868, 5.3764, -1.0884), (-1.2329, 5.3764, -0.9378), (-1.6339, 5.3764, -0.7943), (-1.6878, 5.1564, -0.9450), (-1.2868, 5.1564, -1.0884), (-1.2868, 5.3764, -1.0884), (-1.6878, 5.3764, -0.9450), (-1.6339, 5.1564, -0.7943), (-1.6339, 5.3764, -0.7943), (-1.2329, 5.3764, -0.9378), (-1.2329, 5.1564, -0.9378), (-1.2793, 5.1564, -1.0907), (-1.2793, 5.3764, -1.0907), (-1.2404, 5.3764, -0.9355), (-1.2404, 5.1564, -0.9355), (-0.8273, 5.1564, -1.0390), (-0.8273, 5.3764, -1.0390), (-0.8661, 5.3764, -1.1942), (-0.8661, 5.1564, -1.1942), (-1.2793, 5.1564, -1.0907), (-1.2404, 5.1564, -0.9355), (-0.8273, 5.1564, -1.0390), (-0.8661, 5.1564, -1.1942), (-1.2793, 5.3764, -1.0907), (-0.8661, 5.3764, -1.1942), (-0.8273, 5.3764, -1.0390), (-1.2404, 5.3764, -0.9355), (-1.2793, 5.1564, -1.0907), (-0.8661, 5.1564, -1.1942), (-0.8661, 5.3764, -1.1942), (-1.2793, 5.3764, -1.0907), (-1.2404, 5.1564, -0.9355), (-1.2404, 5.3764, -0.9355), (-0.8273, 5.3764, -1.0390), (-0.8273, 5.1564, -1.0390), (-0.8584, 5.1564, -1.1957), (-0.8584, 5.3764, -1.1957), (-0.8350, 5.3764, -1.0375), (-0.8350, 5.1564, -1.0375), (-0.4137, 5.1564, -1.1000), (-0.4137, 5.3764, -1.1000), (-0.4371, 5.3764, -1.2582), (-0.4371, 5.1564, -1.2582), (-0.8584, 5.1564, -1.1957), (-0.8350, 5.1564, -1.0375), (-0.4137, 5.1564, -1.1000), (-0.4371, 5.1564, -1.2582), (-0.8584, 5.3764, -1.1957), (-0.4371, 5.3764, -1.2582), (-0.4137, 5.3764, -1.1000), (-0.8350, 5.3764, -1.0375), (-0.8584, 5.1564, -1.1957), (-0.4371, 5.1564, -1.2582), (-0.4371, 5.3764, -1.2582), (-0.8584, 5.3764, -1.1957), (-0.8350, 5.1564, -1.0375), (-0.8350, 5.3764, -1.0375), (-0.4137, 5.3764, -1.1000), (-0.4137, 5.1564, -1.1000), (-0.4293, 5.1564, -1.2590), (-0.4293, 5.3764, -1.2590), (-0.4215, 5.3764, -1.0992), (-0.4215, 5.1564, -1.0992), (0.0039, 5.1564, -1.1201), (0.0039, 5.3764, -1.1201), (-0.0039, 5.3764, -1.2799), (-0.0039, 5.1564, -1.2799), (-0.4293, 5.1564, -1.2590), (-0.4215, 5.1564, -1.0992), (0.0039, 5.1564, -1.1201), (-0.0039, 5.1564, -1.2799), (-0.4293, 5.3764, -1.2590), (-0.0039, 5.3764, -1.2799), (0.0039, 5.3764, -1.1201), (-0.4215, 5.3764, -1.0992), (-0.4293, 5.1564, -1.2590), (-0.0039, 5.1564, -1.2799), (-0.0039, 5.3764, -1.2799), (-0.4293, 5.3764, -1.2590), (-0.4215, 5.1564, -1.0992), (-0.4215, 5.3764, -1.0992), (0.0039, 5.3764, -1.1201), (0.0039, 5.1564, -1.1201), (-0.1300, 9.7864, 3.0100), (0.1300, 9.7864, 3.0100), (0.1300, 9.7864, 3.2700), (-0.1300, 9.7864, 3.2700), (-0.1300, 9.0364, 3.2700), (0.1300, 9.0364, 3.2700), (0.1300, 9.0364, 3.0100), (-0.1300, 9.0364, 3.0100), (-0.1300, 9.7864, 3.0100), (-0.1300, 9.7864, 3.2700), (-0.1300, 9.0364, 3.2700), (-0.1300, 9.0364, 3.0100), (0.1300, 9.7864, 3.0100), (0.1300, 9.0364, 3.0100), (0.1300, 9.0364, 3.2700), (0.1300, 9.7864, 3.2700), (-0.1300, 9.7864, 3.0100), (-0.1300, 9.0364, 3.0100), (0.1300, 9.0364, 3.0100), (0.1300, 9.7864, 3.0100), (-0.1300, 9.7864, 3.2700), (0.1300, 9.7864, 3.2700), (0.1300, 9.0364, 3.2700), (-0.1300, 9.0364, 3.2700)]
        normal3f[] normals = [(0.9988, -0.0000, 0.0491), (0.9988, -0.0000, 0.0491), (0.9988, -0.0000, 0.0491), (0.9988, -0.0000, 0.0491), (-0.9988, 0.0000, -0.0491), (-0.9988, 0.0000, -0.0491), (-0.9988, 0.0000, -0.0491), (-0.9988, 0.0000, -0.0491), (0.0000, 1.0000, -0.0000), (0.0000, 1.0000, -0.0000), (0.0000, 1.0000, -0.0000), (0.0000, 1.0000, -0.0000), (0.0000, -1.0000, 0.0000), (0.0000, -1.0000, 0.0000), (0.0000, -1.0000, 0.0000), (0.0000, -1.0000, 0.0000), (-0.0491, 0.0000, 0.9988), (-0.0491, 0.0000, 0.9988), (-0.0491, 0.0000, 0.9988), (-0.0491, 0.0000, 0.9988), (0.0491, 0.0000, -0.9988), (0.0491, 0.0000, -0.9988), (0.0491, 0.0000, -0.9988), (0.0491, 0.0000, -0.9988), (0.9892, -0.0000, 0.1467), (0.9892, -0.0000, 0.1467), (0.9892, -0.0000, 0.1467), (0.9892, -0.0000, 0.1467), (-0.9892, 0.0000, -0.1467), (-0.9892, 0.0000, -0.1467), (-0.9892, 0.0000, -0.1467), (-0.9892, 0.0000, -0.1467), (0.0000, 1.0000, -0.0000), (0.0000, 1.0000, -0.0000), (0.0000, 1.0000, -0.0000), (0.0000, 1.0000, -0.0000), (0.0000, -1.0000, 0.0000), (0.0000, -1.0000, 0.0000), (0.0000, -1.0000, 0.0000), (0.0000, -1.0000, 0.0000), (-0.1467, 0.0000, 0.9892), (-0.1467, 0.0000, 0.9892), (-0.1467, 0.0000, 0.9892), (-0.1467, 0.0000, 0.9892), (0.1467, 0.0000, -0.9892), (0.1467, 0.0000, -0.9892), (0.1467, 0.0000, -0.9892), (0.1467, 0.0000, -0.9892), (0.9700, -0.0000, 0.2430), (0.9700, -0.0000, 0.2430), (0.9700, -0.0000, 0.2430), (0.9700, -0.0000, 0.2430), (-0.9700, 0.0000, -0.2430), (-0.9700, 0.0000, -0.2430), (-0.9700, 0.0000, -0.2430), (-0.9700, 0.0000, -0.2430), (0.0000, 1.0000, -0.0000), (0.0000, 1.0000, -0.0000), (0.0000, 1.0000, -0.0000), (0.0000, 1.0000, -0.0000), (0.0000, -1.0000, 0.0000), (0.0000, -1.0000, 0.0000), (0.0000, -1.0000, 0.0000), (0.0000, -1.0000, 0.0000), (-0.2430, 0.0000, 0.9700), (-0.2430, 0.0000, 0.9700), (-0.2430, 0.0000, 0.9700), (-0.2430, 0.0000, 0.9700), (0.2430, 0.0000, -0.9700), (0.2430, 0.0000, -0.9700), (0.2430, 0.0000, -0.9700), (0.2430, 0.0000, -0.9700), (0.9415, -0.0000, 0.3369), (0.9415, -0.0000, 0.3369), (0.9415, -0.0000, 0.3369), (0.9415, -0.0000, 0.3369), (-0.9415, 0.0000, -0.3369), (-0.9415, 0.0000, -0.3369), (-0.9415, 0.0000, -0.3369), (-0.9415, 0.0000, -0.3369), (0.0000, 1.0000, -0.0000), (0.0000, 1.0000, -0.0000), (0.0000, 1.0000, -0.0000), (0.0000, 1.0000, -0.0000), (0.0000, -1.0000, 0.0000), (0.0000, -1.0000, 0.0000), (0.0000, -1.0000, 0.0000), (0.0000, -1.0000, 0.0000), (-0.3369, 0.0000, 0.9415), (-0.3369, 0.0000, 0.9415), (-0.3369, 0.0000, 0.9415), (-0.3369, 0.0000, 0.9415), (0.3369, 0.0000, -0.9415), (0.3369, 0.0000, -0.9415), (0.3369, 0.0000, -0.9415), (0.3369, 0.0000, -0.9415), (0.9040, -0.0000, 0.4276), (0.9040, -0.0000, 0.4276), (0.9040, -0.0000, 0.4276), (0.9040, -0.0000, 0.4276), (-0.9040, 0.0000, -0.4276), (-0.9040, 0.0000, -0.4276), (-0.9040, 0.0000, -0.4276), (-0.9040, 0.0000, -0.4276), (0.0000, 1.0000, -0.0000), (0.0000, 1.0000, -0.0000), (0.0000, 1.0000, -0.0000), (0.0000, 1.0000, -0.0000), (0.0000, -1.0000, 0.0000), (0.0000, -1.0000, 0.0000), (0.0000, -1.0000, 0.0000), (0.0000, -1.0000, 0.0000), (-0.4276, 0.0000, 0.9040), (-0.4276, 0.0000, 0.9040), (-0.4276, 0.0000, 0.9040), (-0.4276, 0.0000, 0.9040), (0.4276, 0.0000, -0.9040), (0.4276, 0.0000, -0.9040), (0.4276, 0.0000, -0.9040), (0.4276, 0.0000, -0.9040), (0.8577, -0.0000, 0.5141), (0.8577, -0.0000, 0.5141), (0.8577, -0.0000, 0.5141), (0.8577, -0.0000, 0.5141), (-0.8577, 0.0000, -0.5141), (-0.8577, 0.0000, -0.5141), (-0.8577, 0.0000, -0.5141), (-0.8577, 0.0000, -0.5141), (0.0000, 1.0000, -0.0000), (0.0000, 1.0000, -0.0000), (0.0000, 1.0000, -0.0000), (0.0000, 1.0000, -0.0000), (0.0000, -1.0000, 0.0000), (0.0000, -1.0000, 0.0000), (0.0000, -1.0000, 0.0000), (0.0000, -1.0000, 0.0000), (-0.5141, 0.0000, 0.8577), (-0.5141, 0.0000, 0.8577), (-0.5141, 0.0000, 0.8577), (-0.5141, 0.0000, 0.8577), (0.5141, 0.0000, -0.8577), (0.5141, 0.0000, -0.8577), (0.5141, 0.0000, -0.8577), (0.5141, 0.0000, -0.8577), (0.8032, -0.0000, 0.5957), (0.8032, -0.0000, 0.5957), (0.8032, -0.0000, 0.5957), (0.8032, -0.0000, 0.5957), (-0.8032, 0.0000, -0.5957), (-0.8032, 0.0000, -0.5957), (-0.8032, 0.0000, -0.5957), (-0.8032, 0.0000, -0.5957), (0.0000, 1.0000, -0.0000), (0.0000, 1.0000, -0.0000), (0.0000, 1.0000, -0.0000), (0.0000, 1.0000, -0.0000), (0.0000, -1.0000, 0.0000), (0.0000, -1.0000, 0.0000), (0.0000, -1.0000, 0.0000), (0.0000, -1.0000, 0.0000), (-0.5957, 0.0000, 0.8032), (-0.5957, 0.0000, 0.8032), (-0.5957, 0.0000, 0.8032), (-0.5957, 0.0000, 0.8032), (0.5957, 0.0000, -0.8032), (0.5957, 0.0000, -0.8032), (0.5957, 0.0000, -0.8032), (0.5957, 0.0000, -0.8032), (0.7410, -0.0000, 0.6716), (0.7410, -0.0000, 0.6716), (0.7410, -0.0000, 0.6716), (0.7410, -0.0000, 0.6716), (-0.7410, 0.0000, -0.6716), (-0.7410, 0.0000, -0.6716), (-0.7410, 0.0000, -0.6716), (-0.7410, 0.0000, -0.6716), (0.0000, 1.0000, -0.0000), (0.0000, 1.0000, -0.0000), (0.0000, 1.0000, -0.0000), (0.0000, 1.0000, -0.0000), (0.0000, -1.0000, 0.0000), (0.0000, -1.0000, 0.0000), (0.0000, -1.0000, 0.0000), (0.0000, -1.0000, 0.0000), (-0.6716, 0.0000, 0.7410), (-0.6716, 0.0000, 0.7410), (-0.6716, 0.0000, 0.7410), (-0.6716, 0.0000, 0.7410), (0.6716, 0.0000, -0.7410), (0.6716, 0.0000, -0.7410), (0.6716, 0.0000, -0.7410), (0.6716, 0.0000, -0.7410), (0.6716, -0.0000, 0.7410), (0.6716, -0.0000, 0.7410), (0.6716, -0.0000, 0.7410), (0.6716, -0.0000, 0.7410), (-0.6716, 0.0000, -0.7410), (-0.6716, 0.0000, -0.7410), (-0.6716, 0.0000, -0.7410), (-0.6716, 0.0000, -0.7410), (0.0000, 1.0000, -0.0000), (0.0000, 1.0000, -0.0000), (0.0000, 1.0000, -0.0000), (0.0000, 1.0000, -0.0000), (0.0000, -1.0000, 0.0000), (0.0000, -1.0000, 0.0000), (0.0000, -1.0000, 0.0000), (0.0000, -1.0000, 0.0000), (-0.7410, 0.0000, 0.6716), (-0.7410, 0.0000, 0.6716), (-0.7410, 0.0000, 0.6716), (-0.7410, 0.0000, 0.6716), (0.7410, 0.0000, -0.6716), (0.7410, 0.0000, -0.6716), (0.7410, 0.0000, -0.6716), (0.7410, 0.0000, -0.6716), (0.5957, -0.0000, 0.8032), (0.5957, -0.0000, 0.8032), (0.5957, -0.0000, 0.8032), (0.5957, -0.0000, 0.8032), (-0.5957, 0.0000, -0.8032), (-0.5957, 0.0000, -0.8032), (-0.5957, 0.0000, -0.8032), (-0.5957, 0.0000, -0.8032), (0.0000, 1.0000, -0.0000), (0.0000, 1.0000, -0.0000), (0.0000, 1.0000, -0.0000), (0.0000, 1.0000, -0.0000), (0.0000, -1.0000, 0.0000), (0.0000, -1.0000, 0.0000), (0.0000, -1.0000, 0.0000), (0.0000, -1.0000, 0.0000), (-0.8032, 0.0000, 0.5957), (-0.8032, 0.0000, 0.5957), (-0.8032, 0.0000, 0.5957), (-0.8032, 0.0000, 0.5957), (0.8032, 0.0000, -0.5957), (0.8032, 0.0000, -0.5957), (0.8032, 0.0000, -0.5957), (0.8032, 0.0000, -0.5957), (0.5141, -0.0000, 0.8577), (0.5141, -0.0000, 0.8577), (0.5141, -0.0000, 0.8577), (0.5141, -0.0000, 0.8577), (-0.5141, 0.0000, -0.8577), (-0.5141, 0.0000, -0.8577), (-0.5141, 0.0000, -0.8577), (-0.5141, 0.0000, -0.8577), (0.0000, 1.0000, -0.0000), (0.0000, 1.0000, -0.0000), (0.0000, 1.0000, -0.0000), (0.0000, 1.0000, -0.0000), (0.0000, -1.0000, 0.0000), (0.0000, -1.0000, 0.0000), (0.0000, -1.0000, 0.0000), (0.0000, -1.0000, 0.0000), (-0.8577, 0.0000, 0.5141), (-0.8577, 0.0000, 0.5141), (-0.8577, 0.0000, 0.5141), (-0.8577, 0.0000, 0.5141), (0.8577, 0.0000, -0.5141), (0.8577, 0.0000, -0.5141), (0.8577, 0.0000, -0.5141), (0.8577, 0.0000, -0.5141), (0.4276, -0.0000, 0.9040), (0.4276, -0.0000, 0.9040), (0.4276, -0.0000, 0.9040), (0.4276, -0.0000, 0.9040), (-0.4276, 0.0000, -0.9040), (-0.4276, 0.0000, -0.9040), (-0.4276, 0.0000, -0.9040), (-0.4276, 0.0000, -0.9040), (0.0000, 1.0000, -0.0000), (0.0000, 1.0000, -0.0000), (0.0000, 1.0000, -0.0000), (0.0000, 1.0000, -0.0000), (0.0000, -1.0000, 0.0000), (0.0000, -1.0000, 0.0000), (0.0000, -1.0000, 0.0000), (0.0000, -1.0000, 0.0000), (-0.9040, 0.0000, 0.4276), (-0.9040, 0.0000, 0.4276), (-0.9040, 0.0000, 0.4276), (-0.9040, 0.0000, 0.4276), (0.9040, 0.0000, -0.4276), (0.9040, 0.0000, -0.4276), (0.9040, 0.0000, -0.4276), (0.9040, 0.0000, -0.4276), (0.3369, -0.0000, 0.9415), (0.3369, -0.0000, 0.9415), (0.3369, -0.0000, 0.9415), (0.3369, -0.0000, 0.9415), (-0.3369, 0.0000, -0.9415), (-0.3369, 0.0000, -0.9415), (-0.3369, 0.0000, -0.9415), (-0.3369, 0.0000, -0.9415), (0.0000, 1.0000, 0.0000), (0.0000, 1.0000, 0.0000), (0.0000, 1.0000, 0.0000), (0.0000, 1.0000, 0.0000), (0.0000, -1.0000, 0.0000), (0.0000, -1.0000, 0.0000), (0.0000, -1.0000, 0.0000), (0.0000, -1.0000, 0.0000), (-0.9415, 0.0000, 0.3369), (-0.9415, 0.0000, 0.3369), (-0.9415, 0.0000, 0.3369), (-0.9415, 0.0000, 0.3369), (0.9415, 0.0000, -0.3369), (0.9415, 0.0000, -0.3369), (0.9415, 0.0000, -0.3369), (0.9415, 0.0000, -0.3369), (0.2430, -0.0000, 0.9700), (0.2430, -0.0000, 0.9700), (0.2430, -0.0000, 0.9700), (0.2430, -0.0000, 0.9700), (-0.2430, 0.0000, -0.9700), (-0.2430, 0.0000, -0.9700), (-0.2430, 0.0000, -0.9700), (-0.2430, 0.0000, -0.9700), (0.0000, 1.0000, 0.0000), (0.0000, 1.0000, 0.0000), (0.0000, 1.0000, 0.0000), (0.0000, 1.0000, 0.0000), (0.0000, -1.0000, 0.0000), (0.0000, -1.0000, 0.0000), (0.0000, -1.0000, 0.0000), (0.0000, -1.0000, 0.0000), (-0.9700, 0.0000, 0.2430), (-0.9700, 0.0000, 0.2430), (-0.9700, 0.0000, 0.2430), (-0.9700, 0.0000, 0.2430), (0.9700, 0.0000, -0.2430), (0.9700, 0.0000, -0.2430), (0.9700, 0.0000, -0.2430), (0.9700, 0.0000, -0.2430), (0.1467, -0.0000, 0.9892), (0.1467, -0.0000, 0.9892), (0.1467, -0.0000, 0.9892), (0.1467, -0.0000, 0.9892), (-0.1467, 0.0000, -0.9892), (-0.1467, 0.0000, -0.9892), (-0.1467, 0.0000, -0.9892), (-0.1467, 0.0000, -0.9892), (0.0000, 1.0000, 0.0000), (0.0000, 1.0000, 0.0000), (0.0000, 1.0000, 0.0000), (0.0000, 1.0000, 0.0000), (0.0000, -1.0000, 0.0000), (0.0000, -1.0000, 0.0000), (0.0000, -1.0000, 0.0000), (0.0000, -1.0000, 0.0000), (-0.9892, 0.0000, 0.1467), (-0.9892, 0.0000, 0.1467), (-0.9892, 0.0000, 0.1467), (-0.9892, 0.0000, 0.1467), (0.9892, 0.0000, -0.1467), (0.9892, 0.0000, -0.1467), (0.9892, 0.0000, -0.1467), (0.9892, 0.0000, -0.1467), (0.0491, -0.0000, 0.9988), (0.0491, -0.0000, 0.9988), (0.0491, -0.0000, 0.9988), (0.0491, -0.0000, 0.9988), (-0.0491, 0.0000, -0.9988), (-0.0491, 0.0000, -0.9988), (-0.0491, 0.0000, -0.9988), (-0.0491, 0.0000, -0.9988), (0.0000, 1.0000, 0.0000), (0.0000, 1.0000, 0.0000), (0.0000, 1.0000, 0.0000), (0.0000, 1.0000, 0.0000), (0.0000, -1.0000, 0.0000), (0.0000, -1.0000, 0.0000), (0.0000, -1.0000, 0.0000), (0.0000, -1.0000, 0.0000), (-0.9988, 0.0000, 0.0491), (-0.9988, 0.0000, 0.0491), (-0.9988, 0.0000, 0.0491), (-0.9988, 0.0000, 0.0491), (0.9988, 0.0000, -0.0491), (0.9988, 0.0000, -0.0491), (0.9988, 0.0000, -0.0491), (0.9988, 0.0000, -0.0491), (-0.0491, 0.0000, 0.9988), (-0.0491, 0.0000, 0.9988), (-0.0491, 0.0000, 0.9988), (-0.0491, 0.0000, 0.9988), (0.0491, 0.0000, -0.9988), (0.0491, 0.0000, -0.9988), (0.0491, 0.0000, -0.9988), (0.0491, 0.0000, -0.9988), (0.0000, 1.0000, 0.0000), (0.0000, 1.0000, 0.0000), (0.0000, 1.0000, 0.0000), (0.0000, 1.0000, 0.0000), (0.0000, -1.0000, 0.0000), (0.0000, -1.0000, 0.0000), (0.0000, -1.0000, 0.0000), (0.0000, -1.0000, 0.0000), (-0.9988, 0.0000, -0.0491), (-0.9988, 0.0000, -0.0491), (-0.9988, 0.0000, -0.0491), (-0.9988, 0.0000, -0.0491), (0.9988, -0.0000, 0.0491), (0.9988, -0.0000, 0.0491), (0.9988, -0.0000, 0.0491), (0.9988, -0.0000, 0.0491), (-0.1467, 0.0000, 0.9892), (-0.1467, 0.0000, 0.9892), (-0.1467, 0.0000, 0.9892), (-0.1467, 0.0000, 0.9892), (0.1467, 0.0000, -0.9892), (0.1467, 0.0000, -0.9892), (0.1467, 0.0000, -0.9892), (0.1467, 0.0000, -0.9892), (0.0000, 1.0000, 0.0000), (0.0000, 1.0000, 0.0000), (0.0000, 1.0000, 0.0000), (0.0000, 1.0000, 0.0000), (0.0000, -1.0000, 0.0000), (0.0000, -1.0000, 0.0000), (0.0000, -1.0000, 0.0000), (0.0000, -1.0000, 0.0000), (-0.9892, 0.0000, -0.1467), (-0.9892, 0.0000, -0.1467), (-0.9892, 0.0000, -0.1467), (-0.9892, 0.0000, -0.1467), (0.9892, -0.0000, 0.1467), (0.9892, -0.0000, 0.1467), (0.9892, -0.0000, 0.1467), (0.9892, -0.0000, 0.1467), (-0.2430, 0.0000, 0.9700), (-0.2430, 0.0000, 0.9700), (-0.2430, 0.0000, 0.9700), (-0.2430, 0.0000, 0.9700), (0.2430, 0.0000, -0.9700), (0.2430, 0.0000, -0.9700), (0.2430, 0.0000, -0.9700), (0.2430, 0.0000, -0.9700), (0.0000, 1.0000, 0.0000), (0.0000, 1.0000, 0.0000), (0.0000, 1.0000, 0.0000), (0.0000, 1.0000, 0.0000), (0.0000, -1.0000, 0.0000), (0.0000, -1.0000, 0.0000), (0.0000, -1.0000, 0.0000), (0.0000, -1.0000, 0.0000), (-0.9700, 0.0000, -0.2430), (-0.9700, 0.0000, -0.2430), (-0.9700, 0.0000, -0.2430), (-0.9700, 0.0000, -0.2430), (0.9700, -0.0000, 0.2430), (0.9700, -0.0000, 0.2430), (0.9700, -0.0000, 0.2430), (0.9700, -0.0000, 0.2430), (-0.3369, 0.0000, 0.9415), (-0.3369, 0.0000, 0.9415), (-0.3369, 0.0000, 0.9415), (-0.3369, 0.0000, 0.9415), (0.3369, 0.0000, -0.9415), (0.3369, 0.0000, -0.9415), (0.3369, 0.0000, -0.9415), (0.3369, 0.0000, -0.9415), (0.0000, 1.0000, 0.0000), (0.0000, 1.0000, 0.0000), (0.0000, 1.0000, 0.0000), (0.0000, 1.0000, 0.0000), (0.0000, -1.0000, 0.0000), (0.0000, -1.0000, 0.0000), (0.0000, -1.0000, 0.0000), (0.0000, -1.0000, 0.0000), (-0.9415, 0.0000, -0.3369), (-0.9415, 0.0000, -0.3369), (-0.9415, 0.0000, -0.3369), (-0.9415, 0.0000, -0.3369), (0.9415, -0.0000, 0.3369), (0.9415, -0.0000, 0.3369), (0.9415, -0.0000, 0.3369), (0.9415, -0.0000, 0.3369), (-0.4276, 0.0000, 0.9040), (-0.4276, 0.0000, 0.9040), (-0.4276, 0.0000, 0.9040), (-0.4276, 0.0000, 0.9040), (0.4276, 0.0000, -0.9040), (0.4276, 0.0000, -0.9040), (0.4276, 0.0000, -0.9040), (0.4276, 0.0000, -0.9040), (0.0000, 1.0000, 0.0000), (0.0000, 1.0000, 0.0000), (0.0000, 1.0000, 0.0000), (0.0000, 1.0000, 0.0000), (0.0000, -1.0000, 0.0000), (0.0000, -1.0000, 0.0000), (0.0000, -1.0000, 0.0000), (0.0000, -1.0000, 0.0000), (-0.9040, 0.0000, -0.4276), (-0.9040, 0.0000, -0.4276), (-0.9040, 0.0000, -0.4276), (-0.9040, 0.0000, -0.4276), (0.9040, -0.0000, 0.4276), (0.9040, -0.0000, 0.4276), (0.9040, -0.0000, 0.4276), (0.9040, -0.0000, 0.4276), (-0.5141, 0.0000, 0.8577), (-0.5141, 0.0000, 0.8577), (-0.5141, 0.0000, 0.8577), (-0.5141, 0.0000, 0.8577), (0.5141, 0.0000, -0.8577), (0.5141, 0.0000, -0.8577), (0.5141, 0.0000, -0.8577), (0.5141, 0.0000, -0.8577), (0.0000, 1.0000, 0.0000), (0.0000, 1.0000, 0.0000), (0.0000, 1.0000, 0.0000), (0.0000, 1.0000, 0.0000), (0.0000, -1.0000, 0.0000), (0.0000, -1.0000, 0.0000), (0.0000, -1.0000, 0.0000), (0.0000, -1.0000, 0.0000), (-0.8577, 0.0000, -0.5141), (-0.8577, 0.0000, -0.5141), (-0.8577, 0.0000, -0.5141), (-0.8577, 0.0000, -0.5141), (0.8577, -0.0000, 0.5141), (0.8577, -0.0000, 0.5141), (0.8577, -0.0000, 0.5141), (0.8577, -0.0000, 0.5141), (-0.5957, 0.0000, 0.8032), (-0.5957, 0.0000, 0.8032), (-0.5957, 0.0000, 0.8032), (-0.5957, 0.0000, 0.8032), (0.5957, 0.0000, -0.8032), (0.5957, 0.0000, -0.8032), (0.5957, 0.0000, -0.8032), (0.5957, 0.0000, -0.8032), (0.0000, 1.0000, 0.0000), (0.0000, 1.0000, 0.0000), (0.0000, 1.0000, 0.0000), (0.0000, 1.0000, 0.0000), (0.0000, -1.0000, 0.0000), (0.0000, -1.0000, 0.0000), (0.0000, -1.0000, 0.0000), (0.0000, -1.0000, 0.0000), (-0.8032, 0.0000, -0.5957), (-0.8032, 0.0000, -0.5957), (-0.8032, 0.0000, -0.5957), (-0.8032, 0.0000, -0.5957), (0.8032, -0.0000, 0.5957), (0.8032, -0.0000, 0.5957), (0.8032, -0.0000, 0.5957), (0.8032, -0.0000, 0.5957), (-0.6716, 0.0000, 0.7410), (-0.6716, 0.0000, 0.7410), (-0.6716, 0.0000, 0.7410), (-0.6716, 0.0000, 0.7410), (0.6716, 0.0000, -0.7410), (0.6716, 0.0000, -0.7410), (0.6716, 0.0000, -0.7410), (0.6716, 0.0000, -0.7410), (0.0000, 1.0000, 0.0000), (0.0000, 1.0000, 0.0000), (0.0000, 1.0000, 0.0000), (0.0000, 1.0000, 0.0000), (0.0000, -1.0000, 0.0000), (0.0000, -1.0000, 0.0000), (0.0000, -1.0000, 0.0000), (0.0000, -1.0000, 0.0000), (-0.7410, 0.0000, -0.6716), (-0.7410, 0.0000, -0.6716), (-0.7410, 0.0000, -0.6716), (-0.7410, 0.0000, -0.6716), (0.7410, -0.0000, 0.6716), (0.7410, -0.0000, 0.6716), (0.7410, -0.0000, 0.6716), (0.7410, -0.0000, 0.6716), (-0.7410, 0.0000, 0.6716), (-0.7410, 0.0000, 0.6716), (-0.7410, 0.0000, 0.6716), (-0.7410, 0.0000, 0.6716), (0.7410, 0.0000, -0.6716), (0.7410, 0.0000, -0.6716), (0.7410, 0.0000, -0.6716), (0.7410, 0.0000, -0.6716), (0.0000, 1.0000, 0.0000), (0.0000, 1.0000, 0.0000), (0.0000, 1.0000, 0.0000), (0.0000, 1.0000, 0.0000), (0.0000, -1.0000, 0.0000), (0.0000, -1.0000, 0.0000), (0.0000, -1.0000, 0.0000), (0.0000, -1.0000, 0.0000), (-0.6716, 0.0000, -0.7410), (-0.6716, 0.0000, -0.7410), (-0.6716, 0.0000, -0.7410), (-0.6716, 0.0000, -0.7410), (0.6716, -0.0000, 0.7410), (0.6716, -0.0000, 0.7410), (0.6716, -0.0000, 0.7410), (0.6716, -0.0000, 0.7410), (-0.8032, 0.0000, 0.5957), (-0.8032, 0.0000, 0.5957), (-0.8032, 0.0000, 0.5957), (-0.8032, 0.0000, 0.5957), (0.8032, 0.0000, -0.5957), (0.8032, 0.0000, -0.5957), (0.8032, 0.0000, -0.5957), (0.8032, 0.0000, -0.5957), (0.0000, 1.0000, 0.0000), (0.0000, 1.0000, 0.0000), (0.0000, 1.0000, 0.0000), (0.0000, 1.0000, 0.0000), (0.0000, -1.0000, 0.0000), (0.0000, -1.0000, 0.0000), (0.0000, -1.0000, 0.0000), (0.0000, -1.0000, 0.0000), (-0.5957, 0.0000, -0.8032), (-0.5957, 0.0000, -0.8032), (-0.5957, 0.0000, -0.8032), (-0.5957, 0.0000, -0.8032), (0.5957, -0.0000, 0.8032), (0.5957, -0.0000, 0.8032), (0.5957, -0.0000, 0.8032), (0.5957, -0.0000, 0.8032), (-0.8577, 0.0000, 0.5141), (-0.8577, 0.0000, 0.5141), (-0.8577, 0.0000, 0.5141), (-0.8577, 0.0000, 0.5141), (0.8577, 0.0000, -0.5141), (0.8577, 0.0000, -0.5141), (0.8577, 0.0000, -0.5141), (0.8577, 0.0000, -0.5141), (0.0000, 1.0000, 0.0000), (0.0000, 1.0000, 0.0000), (0.0000, 1.0000, 0.0000), (0.0000, 1.0000, 0.0000), (0.0000, -1.0000, 0.0000), (0.0000, -1.0000, 0.0000), (0.0000, -1.0000, 0.0000), (0.0000, -1.0000, 0.0000), (-0.5141, 0.0000, -0.8577), (-0.5141, 0.0000, -0.8577), (-0.5141, 0.0000, -0.8577), (-0.5141, 0.0000, -0.8577), (0.5141, -0.0000, 0.8577), (0.5141, -0.0000, 0.8577), (0.5141, -0.0000, 0.8577), (0.5141, -0.0000, 0.8577), (-0.9040, 0.0000, 0.4276), (-0.9040, 0.0000, 0.4276), (-0.9040, 0.0000, 0.4276), (-0.9040, 0.0000, 0.4276), (0.9040, 0.0000, -0.4276), (0.9040, 0.0000, -0.4276), (0.9040, 0.0000, -0.4276), (0.9040, 0.0000, -0.4276), (0.0000, 1.0000, 0.0000), (0.0000, 1.0000, 0.0000), (0.0000, 1.0000, 0.0000), (0.0000, 1.0000, 0.0000), (0.0000, -1.0000, 0.0000), (0.0000, -1.0000, 0.0000), (0.0000, -1.0000, 0.0000), (0.0000, -1.0000, 0.0000), (-0.4276, 0.0000, -0.9040), (-0.4276, 0.0000, -0.9040), (-0.4276, 0.0000, -0.9040), (-0.4276, 0.0000, -0.9040), (0.4276, -0.0000, 0.9040), (0.4276, -0.0000, 0.9040), (0.4276, -0.0000, 0.9040), (0.4276, -0.0000, 0.9040), (-0.9415, 0.0000, 0.3369), (-0.9415, 0.0000, 0.3369), (-0.9415, 0.0000, 0.3369), (-0.9415, 0.0000, 0.3369), (0.9415, 0.0000, -0.3369), (0.9415, 0.0000, -0.3369), (0.9415, 0.0000, -0.3369), (0.9415, 0.0000, -0.3369), (0.0000, 1.0000, 0.0000), (0.0000, 1.0000, 0.0000), (0.0000, 1.0000, 0.0000), (0.0000, 1.0000, 0.0000), (-0.0000, -1.0000, 0.0000), (-0.0000, -1.0000, 0.0000), (-0.0000, -1.0000, 0.0000), (-0.0000, -1.0000, 0.0000), (-0.3369, 0.0000, -0.9415), (-0.3369, 0.0000, -0.9415), (-0.3369, 0.0000, -0.9415), (-0.3369, 0.0000, -0.9415), (0.3369, -0.0000, 0.9415), (0.3369, -0.0000, 0.9415), (0.3369, -0.0000, 0.9415), (0.3369, -0.0000, 0.9415), (-0.9700, 0.0000, 0.2430), (-0.9700, 0.0000, 0.2430), (-0.9700, 0.0000, 0.2430), (-0.9700, 0.0000, 0.2430), (0.9700, 0.0000, -0.2430), (0.9700, 0.0000, -0.2430), (0.9700, 0.0000, -0.2430), (0.9700, 0.0000, -0.2430), (0.0000, 1.0000, 0.0000), (0.0000, 1.0000, 0.0000), (0.0000, 1.0000, 0.0000), (0.0000, 1.0000, 0.0000), (-0.0000, -1.0000, 0.0000), (-0.0000, -1.0000, 0.0000), (-0.0000, -1.0000, 0.0000), (-0.0000, -1.0000, 0.0000), (-0.2430, 0.0000, -0.9700), (-0.2430, 0.0000, -0.9700), (-0.2430, 0.0000, -0.9700), (-0.2430, 0.0000, -0.9700), (0.2430, -0.0000, 0.9700), (0.2430, -0.0000, 0.9700), (0.2430, -0.0000, 0.9700), (0.2430, -0.0000, 0.9700), (-0.9892, 0.0000, 0.1467), (-0.9892, 0.0000, 0.1467), (-0.9892, 0.0000, 0.1467), (-0.9892, 0.0000, 0.1467), (0.9892, 0.0000, -0.1467), (0.9892, 0.0000, -0.1467), (0.9892, 0.0000, -0.1467), (0.9892, 0.0000, -0.1467), (0.0000, 1.0000, 0.0000), (0.0000, 1.0000, 0.0000), (0.0000, 1.0000, 0.0000), (0.0000, 1.0000, 0.0000), (-0.0000, -1.0000, 0.0000), (-0.0000, -1.0000, 0.0000), (-0.0000, -1.0000, 0.0000), (-0.0000, -1.0000, 0.0000), (-0.1467, 0.0000, -0.9892), (-0.1467, 0.0000, -0.9892), (-0.1467, 0.0000, -0.9892), (-0.1467, 0.0000, -0.9892), (0.1467, -0.0000, 0.9892), (0.1467, -0.0000, 0.9892), (0.1467, -0.0000, 0.9892), (0.1467, -0.0000, 0.9892), (-0.9988, 0.0000, 0.0491), (-0.9988, 0.0000, 0.0491), (-0.9988, 0.0000, 0.0491), (-0.9988, 0.0000, 0.0491), (0.9988, 0.0000, -0.0491), (0.9988, 0.0000, -0.0491), (0.9988, 0.0000, -0.0491), (0.9988, 0.0000, -0.0491), (0.0000, 1.0000, 0.0000), (0.0000, 1.0000, 0.0000), (0.0000, 1.0000, 0.0000), (0.0000, 1.0000, 0.0000), (-0.0000, -1.0000, 0.0000), (-0.0000, -1.0000, 0.0000), (-0.0000, -1.0000, 0.0000), (-0.0000, -1.0000, 0.0000), (-0.0491, 0.0000, -0.9988), (-0.0491, 0.0000, -0.9988), (-0.0491, 0.0000, -0.9988), (-0.0491, 0.0000, -0.9988), (0.0491, -0.0000, 0.9988), (0.0491, -0.0000, 0.9988), (0.0491, -0.0000, 0.9988), (0.0491, -0.0000, 0.9988), (-0.9988, 0.0000, -0.0491), (-0.9988, 0.0000, -0.0491), (-0.9988, 0.0000, -0.0491), (-0.9988, 0.0000, -0.0491), (0.9988, -0.0000, 0.0491), (0.9988, -0.0000, 0.0491), (0.9988, -0.0000, 0.0491), (0.9988, -0.0000, 0.0491), (0.0000, 1.0000, 0.0000), (0.0000, 1.0000, 0.0000), (0.0000, 1.0000, 0.0000), (0.0000, 1.0000, 0.0000), (0.0000, -1.0000, 0.0000), (0.0000, -1.0000, 0.0000), (0.0000, -1.0000, 0.0000), (0.0000, -1.0000, 0.0000), (0.0491, 0.0000, -0.9988), (0.0491, 0.0000, -0.9988), (0.0491, 0.0000, -0.9988), (0.0491, 0.0000, -0.9988), (-0.0491, 0.0000, 0.9988), (-0.0491, 0.0000, 0.9988), (-0.0491, 0.0000, 0.9988), (-0.0491, 0.0000, 0.9988), (-0.9892, 0.0000, -0.1467), (-0.9892, 0.0000, -0.1467), (-0.9892, 0.0000, -0.1467), (-0.9892, 0.0000, -0.1467), (0.9892, -0.0000, 0.1467), (0.9892, -0.0000, 0.1467), (0.9892, -0.0000, 0.1467), (0.9892, -0.0000, 0.1467), (0.0000, 1.0000, 0.0000), (0.0000, 1.0000, 0.0000), (0.0000, 1.0000, 0.0000), (0.0000, 1.0000, 0.0000), (0.0000, -1.0000, 0.0000), (0.0000, -1.0000, 0.0000), (0.0000, -1.0000, 0.0000), (0.0000, -1.0000, 0.0000), (0.1467, 0.0000, -0.9892), (0.1467, 0.0000, -0.9892), (0.1467, 0.0000, -0.9892), (0.1467, 0.0000, -0.9892), (-0.1467, 0.0000, 0.9892), (-0.1467, 0.0000, 0.9892), (-0.1467, 0.0000, 0.9892), (-0.1467, 0.0000, 0.9892), (-0.9700, 0.0000, -0.2430), (-0.9700, 0.0000, -0.2430), (-0.9700, 0.0000, -0.2430), (-0.9700, 0.0000, -0.2430), (0.9700, -0.0000, 0.2430), (0.9700, -0.0000, 0.2430), (0.9700, -0.0000, 0.2430), (0.9700, -0.0000, 0.2430), (0.0000, 1.0000, 0.0000), (0.0000, 1.0000, 0.0000), (0.0000, 1.0000, 0.0000), (0.0000, 1.0000, 0.0000), (0.0000, -1.0000, 0.0000), (0.0000, -1.0000, 0.0000), (0.0000, -1.0000, 0.0000), (0.0000, -1.0000, 0.0000), (0.2430, 0.0000, -0.9700), (0.2430, 0.0000, -0.9700), (0.2430, 0.0000, -0.9700), (0.2430, 0.0000, -0.9700), (-0.2430, 0.0000, 0.9700), (-0.2430, 0.0000, 0.9700), (-0.2430, 0.0000, 0.9700), (-0.2430, 0.0000, 0.9700), (-0.9415, 0.0000, -0.3369), (-0.9415, 0.0000, -0.3369), (-0.9415, 0.0000, -0.3369), (-0.9415, 0.0000, -0.3369), (0.9415, -0.0000, 0.3369), (0.9415, -0.0000, 0.3369), (0.9415, -0.0000, 0.3369), (0.9415, -0.0000, 0.3369), (0.0000, 1.0000, 0.0000), (0.0000, 1.0000, 0.0000), (0.0000, 1.0000, 0.0000), (0.0000, 1.0000, 0.0000), (0.0000, -1.0000, 0.0000), (0.0000, -1.0000, 0.0000), (0.0000, -1.0000, 0.0000), (0.0000, -1.0000, 0.0000), (0.3369, 0.0000, -0.9415), (0.3369, 0.0000, -0.9415), (0.3369, 0.0000, -0.9415), (0.3369, 0.0000, -0.9415), (-0.3369, 0.0000, 0.9415), (-0.3369, 0.0000, 0.9415), (-0.3369, 0.0000, 0.9415), (-0.3369, 0.0000, 0.9415), (-0.9040, 0.0000, -0.4276), (-0.9040, 0.0000, -0.4276), (-0.9040, 0.0000, -0.4276), (-0.9040, 0.0000, -0.4276), (0.9040, -0.0000, 0.4276), (0.9040, -0.0000, 0.4276), (0.9040, -0.0000, 0.4276), (0.9040, -0.0000, 0.4276), (0.0000, 1.0000, 0.0000), (0.0000, 1.0000, 0.0000), (0.0000, 1.0000, 0.0000), (0.0000, 1.0000, 0.0000), (0.0000, -1.0000, 0.0000), (0.0000, -1.0000, 0.0000), (0.0000, -1.0000, 0.0000), (0.0000, -1.0000, 0.0000), (0.4276, 0.0000, -0.9040), (0.4276, 0.0000, -0.9040), (0.4276, 0.0000, -0.9040), (0.4276, 0.0000, -0.9040), (-0.4276, 0.0000, 0.9040), (-0.4276, 0.0000, 0.9040), (-0.4276, 0.0000, 0.9040), (-0.4276, 0.0000, 0.9040), (-0.8577, 0.0000, -0.5141), (-0.8577, 0.0000, -0.5141), (-0.8577, 0.0000, -0.5141), (-0.8577, 0.0000, -0.5141), (0.8577, -0.0000, 0.5141), (0.8577, -0.0000, 0.5141), (0.8577, -0.0000, 0.5141), (0.8577, -0.0000, 0.5141), (0.0000, 1.0000, 0.0000), (0.0000, 1.0000, 0.0000), (0.0000, 1.0000, 0.0000), (0.0000, 1.0000, 0.0000), (0.0000, -1.0000, 0.0000), (0.0000, -1.0000, 0.0000), (0.0000, -1.0000, 0.0000), (0.0000, -1.0000, 0.0000), (0.5141, 0.0000, -0.8577), (0.5141, 0.0000, -0.8577), (0.5141, 0.0000, -0.8577), (0.5141, 0.0000, -0.8577), (-0.5141, 0.0000, 0.8577), (-0.5141, 0.0000, 0.8577), (-0.5141, 0.0000, 0.8577), (-0.5141, 0.0000, 0.8577), (-0.8032, 0.0000, -0.5957), (-0.8032, 0.0000, -0.5957), (-0.8032, 0.0000, -0.5957), (-0.8032, 0.0000, -0.5957), (0.8032, -0.0000, 0.5957), (0.8032, -0.0000, 0.5957), (0.8032, -0.0000, 0.5957), (0.8032, -0.0000, 0.5957), (0.0000, 1.0000, 0.0000), (0.0000, 1.0000, 0.0000), (0.0000, 1.0000, 0.0000), (0.0000, 1.0000, 0.0000), (0.0000, -1.0000, 0.0000), (0.0000, -1.0000, 0.0000), (0.0000, -1.0000, 0.0000), (0.0000, -1.0000, 0.0000), (0.5957, 0.0000, -0.8032), (0.5957, 0.0000, -0.8032), (0.5957, 0.0000, -0.8032), (0.5957, 0.0000, -0.8032), (-0.5957, 0.0000, 0.8032), (-0.5957, 0.0000, 0.8032), (-0.5957, 0.0000, 0.8032), (-0.5957, 0.0000, 0.8032), (-0.7410, 0.0000, -0.6716), (-0.7410, 0.0000, -0.6716), (-0.7410, 0.0000, -0.6716), (-0.7410, 0.0000, -0.6716), (0.7410, -0.0000, 0.6716), (0.7410, -0.0000, 0.6716), (0.7410, -0.0000, 0.6716), (0.7410, -0.0000, 0.6716), (0.0000, 1.0000, 0.0000), (0.0000, 1.0000, 0.0000), (0.0000, 1.0000, 0.0000), (0.0000, 1.0000, 0.0000), (0.0000, -1.0000, 0.0000), (0.0000, -1.0000, 0.0000), (0.0000, -1.0000, 0.0000), (0.0000, -1.0000, 0.0000), (0.6716, 0.0000, -0.7410), (0.6716, 0.0000, -0.7410), (0.6716, 0.0000, -0.7410), (0.6716, 0.0000, -0.7410), (-0.6716, 0.0000, 0.7410), (-0.6716, 0.0000, 0.7410), (-0.6716, 0.0000, 0.7410), (-0.6716, 0.0000, 0.7410), (-0.6716, 0.0000, -0.7410), (-0.6716, 0.0000, -0.7410), (-0.6716, 0.0000, -0.7410), (-0.6716, 0.0000, -0.7410), (0.6716, -0.0000, 0.7410), (0.6716, -0.0000, 0.7410), (0.6716, -0.0000, 0.7410), (0.6716, -0.0000, 0.7410), (0.0000, 1.0000, 0.0000), (0.0000, 1.0000, 0.0000), (0.0000, 1.0000, 0.0000), (0.0000, 1.0000, 0.0000), (0.0000, -1.0000, 0.0000), (0.0000, -1.0000, 0.0000), (0.0000, -1.0000, 0.0000), (0.0000, -1.0000, 0.0000), (0.7410, 0.0000, -0.6716), (0.7410, 0.0000, -0.6716), (0.7410, 0.0000, -0.6716), (0.7410, 0.0000, -0.6716), (-0.7410, 0.0000, 0.6716), (-0.7410, 0.0000, 0.6716), (-0.7410, 0.0000, 0.6716), (-0.7410, 0.0000, 0.6716), (-0.5957, 0.0000, -0.8032), (-0.5957, 0.0000, -0.8032), (-0.5957, 0.0000, -0.8032), (-0.5957, 0.0000, -0.8032), (0.5957, -0.0000, 0.8032), (0.5957, -0.0000, 0.8032), (0.5957, -0.0000, 0.8032), (0.5957, -0.0000, 0.8032), (0.0000, 1.0000, 0.0000), (0.0000, 1.0000, 0.0000), (0.0000, 1.0000, 0.0000), (0.0000, 1.0000, 0.0000), (0.0000, -1.0000, 0.0000), (0.0000, -1.0000, 0.0000), (0.0000, -1.0000, 0.0000), (0.0000, -1.0000, 0.0000), (0.8032, 0.0000, -0.5957), (0.8032, 0.0000, -0.5957), (0.8032, 0.0000, -0.5957), (0.8032, 0.0000, -0.5957), (-0.8032, 0.0000, 0.5957), (-0.8032, 0.0000, 0.5957), (-0.8032, 0.0000, 0.5957), (-0.8032, 0.0000, 0.5957), (-0.5141, 0.0000, -0.8577), (-0.5141, 0.0000, -0.8577), (-0.5141, 0.0000, -0.8577), (-0.5141, 0.0000, -0.8577), (0.5141, -0.0000, 0.8577), (0.5141, -0.0000, 0.8577), (0.5141, -0.0000, 0.8577), (0.5141, -0.0000, 0.8577), (0.0000, 1.0000, 0.0000), (0.0000, 1.0000, 0.0000), (0.0000, 1.0000, 0.0000), (0.0000, 1.0000, 0.0000), (0.0000, -1.0000, 0.0000), (0.0000, -1.0000, 0.0000), (0.0000, -1.0000, 0.0000), (0.0000, -1.0000, 0.0000), (0.8577, 0.0000, -0.5141), (0.8577, 0.0000, -0.5141), (0.8577, 0.0000, -0.5141), (0.8577, 0.0000, -0.5141), (-0.8577, 0.0000, 0.5141), (-0.8577, 0.0000, 0.5141), (-0.8577, 0.0000, 0.5141), (-0.8577, 0.0000, 0.5141), (-0.4276, 0.0000, -0.9040), (-0.4276, 0.0000, -0.9040), (-0.4276, 0.0000, -0.9040), (-0.4276, 0.0000, -0.9040), (0.4276, -0.0000, 0.9040), (0.4276, -0.0000, 0.9040), (0.4276, -0.0000, 0.9040), (0.4276, -0.0000, 0.9040), (0.0000, 1.0000, 0.0000), (0.0000, 1.0000, 0.0000), (0.0000, 1.0000, 0.0000), (0.0000, 1.0000, 0.0000), (0.0000, -1.0000, 0.0000), (0.0000, -1.0000, 0.0000), (0.0000, -1.0000, 0.0000), (0.0000, -1.0000, 0.0000), (0.9040, 0.0000, -0.4276), (0.9040, 0.0000, -0.4276), (0.9040, 0.0000, -0.4276), (0.9040, 0.0000, -0.4276), (-0.9040, 0.0000, 0.4276), (-0.9040, 0.0000, 0.4276), (-0.9040, 0.0000, 0.4276), (-0.9040, 0.0000, 0.4276), (-0.3369, 0.0000, -0.9415), (-0.3369, 0.0000, -0.9415), (-0.3369, 0.0000, -0.9415), (-0.3369, 0.0000, -0.9415), (0.3369, -0.0000, 0.9415), (0.3369, -0.0000, 0.9415), (0.3369, -0.0000, 0.9415), (0.3369, -0.0000, 0.9415), (0.0000, 1.0000, 0.0000), (0.0000, 1.0000, 0.0000), (0.0000, 1.0000, 0.0000), (0.0000, 1.0000, 0.0000), (0.0000, -1.0000, -0.0000), (0.0000, -1.0000, -0.0000), (0.0000, -1.0000, -0.0000), (0.0000, -1.0000, -0.0000), (0.9415, 0.0000, -0.3369), (0.9415, 0.0000, -0.3369), (0.9415, 0.0000, -0.3369), (0.9415, 0.0000, -0.3369), (-0.9415, 0.0000, 0.3369), (-0.9415, 0.0000, 0.3369), (-0.9415, 0.0000, 0.3369), (-0.9415, 0.0000, 0.3369), (-0.2430, 0.0000, -0.9700), (-0.2430, 0.0000, -0.9700), (-0.2430, 0.0000, -0.9700), (-0.2430, 0.0000, -0.9700), (0.2430, -0.0000, 0.9700), (0.2430, -0.0000, 0.9700), (0.2430, -0.0000, 0.9700), (0.2430, -0.0000, 0.9700), (0.0000, 1.0000, 0.0000), (0.0000, 1.0000, 0.0000), (0.0000, 1.0000, 0.0000), (0.0000, 1.0000, 0.0000), (0.0000, -1.0000, -0.0000), (0.0000, -1.0000, -0.0000), (0.0000, -1.0000, -0.0000), (0.0000, -1.0000, -0.0000), (0.9700, 0.0000, -0.2430), (0.9700, 0.0000, -0.2430), (0.9700, 0.0000, -0.2430), (0.9700, 0.0000, -0.2430), (-0.9700, 0.0000, 0.2430), (-0.9700, 0.0000, 0.2430), (-0.9700, 0.0000, 0.2430), (-0.9700, 0.0000, 0.2430), (-0.1467, 0.0000, -0.9892), (-0.1467, 0.0000, -0.9892), (-0.1467, 0.0000, -0.9892), (-0.1467, 0.0000, -0.9892), (0.1467, -0.0000, 0.9892), (0.1467, -0.0000, 0.9892), (0.1467, -0.0000, 0.9892), (0.1467, -0.0000, 0.9892), (0.0000, 1.0000, 0.0000), (0.0000, 1.0000, 0.0000), (0.0000, 1.0000, 0.0000), (0.0000, 1.0000, 0.0000), (0.0000, -1.0000, -0.0000), (0.0000, -1.0000, -0.0000), (0.0000, -1.0000, -0.0000), (0.0000, -1.0000, -0.0000), (0.9892, 0.0000, -0.1467), (0.9892, 0.0000, -0.1467), (0.9892, 0.0000, -0.1467), (0.9892, 0.0000, -0.1467), (-0.9892, 0.0000, 0.1467), (-0.9892, 0.0000, 0.1467), (-0.9892, 0.0000, 0.1467), (-0.9892, 0.0000, 0.1467), (-0.0491, 0.0000, -0.9988), (-0.0491, 0.0000, -0.9988), (-0.0491, 0.0000, -0.9988), (-0.0491, 0.0000, -0.9988), (0.0491, -0.0000, 0.9988), (0.0491, -0.0000, 0.9988), (0.0491, -0.0000, 0.9988), (0.0491, -0.0000, 0.9988), (0.0000, 1.0000, 0.0000), (0.0000, 1.0000, 0.0000), (0.0000, 1.0000, 0.0000), (0.0000, 1.0000, 0.0000), (0.0000, -1.0000, -0.0000), (0.0000, -1.0000, -0.0000), (0.0000, -1.0000, -0.0000), (0.0000, -1.0000, -0.0000), (0.9988, 0.0000, -0.0491), (0.9988, 0.0000, -0.0491), (0.9988, 0.0000, -0.0491), (0.9988, 0.0000, -0.0491), (-0.9988, 0.0000, 0.0491), (-0.9988, 0.0000, 0.0491), (-0.9988, 0.0000, 0.0491), (-0.9988, 0.0000, 0.0491), (0.0491, 0.0000, -0.9988), (0.0491, 0.0000, -0.9988), (0.0491, 0.0000, -0.9988), (0.0491, 0.0000, -0.9988), (-0.0491, 0.0000, 0.9988), (-0.0491, 0.0000, 0.9988), (-0.0491, 0.0000, 0.9988), (-0.0491, 0.0000, 0.9988), (-0.0000, 1.0000, 0.0000), (-0.0000, 1.0000, 0.0000), (-0.0000, 1.0000, 0.0000), (-0.0000, 1.0000, 0.0000), (0.0000, -1.0000, 0.0000), (0.0000, -1.0000, 0.0000), (0.0000, -1.0000, 0.0000), (0.0000, -1.0000, 0.0000), (0.9988, 0.0000, 0.0491), (0.9988, 0.0000, 0.0491), (0.9988, 0.0000, 0.0491), (0.9988, 0.0000, 0.0491), (-0.9988, 0.0000, -0.0491), (-0.9988, 0.0000, -0.0491), (-0.9988, 0.0000, -0.0491), (-0.9988, 0.0000, -0.0491), (0.1467, 0.0000, -0.9892), (0.1467, 0.0000, -0.9892), (0.1467, 0.0000, -0.9892), (0.1467, 0.0000, -0.9892), (-0.1467, 0.0000, 0.9892), (-0.1467, 0.0000, 0.9892), (-0.1467, 0.0000, 0.9892), (-0.1467, 0.0000, 0.9892), (-0.0000, 1.0000, 0.0000), (-0.0000, 1.0000, 0.0000), (-0.0000, 1.0000, 0.0000), (-0.0000, 1.0000, 0.0000), (0.0000, -1.0000, 0.0000), (0.0000, -1.0000, 0.0000), (0.0000, -1.0000, 0.0000), (0.0000, -1.0000, 0.0000), (0.9892, 0.0000, 0.1467), (0.9892, 0.0000, 0.1467), (0.9892, 0.0000, 0.1467), (0.9892, 0.0000, 0.1467), (-0.9892, 0.0000, -0.1467), (-0.9892, 0.0000, -0.1467), (-0.9892, 0.0000, -0.1467), (-0.9892, 0.0000, -0.1467), (0.2430, 0.0000, -0.9700), (0.2430, 0.0000, -0.9700), (0.2430, 0.0000, -0.9700), (0.2430, 0.0000, -0.9700), (-0.2430, 0.0000, 0.9700), (-0.2430, 0.0000, 0.9700), (-0.2430, 0.0000, 0.9700), (-0.2430, 0.0000, 0.9700), (-0.0000, 1.0000, 0.0000), (-0.0000, 1.0000, 0.0000), (-0.0000, 1.0000, 0.0000), (-0.0000, 1.0000, 0.0000), (0.0000, -1.0000, 0.0000), (0.0000, -1.0000, 0.0000), (0.0000, -1.0000, 0.0000), (0.0000, -1.0000, 0.0000), (0.9700, 0.0000, 0.2430), (0.9700, 0.0000, 0.2430), (0.9700, 0.0000, 0.2430), (0.9700, 0.0000, 0.2430), (-0.9700, 0.0000, -0.2430), (-0.9700, 0.0000, -0.2430), (-0.9700, 0.0000, -0.2430), (-0.9700, 0.0000, -0.2430), (0.3369, 0.0000, -0.9415), (0.3369, 0.0000, -0.9415), (0.3369, 0.0000, -0.9415), (0.3369, 0.0000, -0.9415), (-0.3369, 0.0000, 0.9415), (-0.3369, 0.0000, 0.9415), (-0.3369, 0.0000, 0.9415), (-0.3369, 0.0000, 0.9415), (-0.0000, 1.0000, 0.0000), (-0.0000, 1.0000, 0.0000), (-0.0000, 1.0000, 0.0000), (-0.0000, 1.0000, 0.0000), (0.0000, -1.0000, 0.0000), (0.0000, -1.0000, 0.0000), (0.0000, -1.0000, 0.0000), (0.0000, -1.0000, 0.0000), (0.9415, 0.0000, 0.3369), (0.9415, 0.0000, 0.3369), (0.9415, 0.0000, 0.3369), (0.9415, 0.0000, 0.3369), (-0.9415, 0.0000, -0.3369), (-0.9415, 0.0000, -0.3369), (-0.9415, 0.0000, -0.3369), (-0.9415, 0.0000, -0.3369), (0.4276, 0.0000, -0.9040), (0.4276, 0.0000, -0.9040), (0.4276, 0.0000, -0.9040), (0.4276, 0.0000, -0.9040), (-0.4276, 0.0000, 0.9040), (-0.4276, 0.0000, 0.9040), (-0.4276, 0.0000, 0.9040), (-0.4276, 0.0000, 0.9040), (-0.0000, 1.0000, 0.0000), (-0.0000, 1.0000, 0.0000), (-0.0000, 1.0000, 0.0000), (-0.0000, 1.0000, 0.0000), (0.0000, -1.0000, 0.0000), (0.0000, -1.0000, 0.0000), (0.0000, -1.0000, 0.0000), (0.0000, -1.0000, 0.0000), (0.9040, 0.0000, 0.4276), (0.9040, 0.0000, 0.4276), (0.9040, 0.0000, 0.4276), (0.9040, 0.0000, 0.4276), (-0.9040, 0.0000, -0.4276), (-0.9040, 0.0000, -0.4276), (-0.9040, 0.0000, -0.4276), (-0.9040, 0.0000, -0.4276), (0.5141, 0.0000, -0.8577), (0.5141, 0.0000, -0.8577), (0.5141, 0.0000, -0.8577), (0.5141, 0.0000, -0.8577), (-0.5141, 0.0000, 0.8577), (-0.5141, 0.0000, 0.8577), (-0.5141, 0.0000, 0.8577), (-0.5141, 0.0000, 0.8577), (-0.0000, 1.0000, 0.0000), (-0.0000, 1.0000, 0.0000), (-0.0000, 1.0000, 0.0000), (-0.0000, 1.0000, 0.0000), (0.0000, -1.0000, 0.0000), (0.0000, -1.0000, 0.0000), (0.0000, -1.0000, 0.0000), (0.0000, -1.0000, 0.0000), (0.8577, 0.0000, 0.5141), (0.8577, 0.0000, 0.5141), (0.8577, 0.0000, 0.5141), (0.8577, 0.0000, 0.5141), (-0.8577, 0.0000, -0.5141), (-0.8577, 0.0000, -0.5141), (-0.8577, 0.0000, -0.5141), (-0.8577, 0.0000, -0.5141), (0.5957, 0.0000, -0.8032), (0.5957, 0.0000, -0.8032), (0.5957, 0.0000, -0.8032), (0.5957, 0.0000, -0.8032), (-0.5957, 0.0000, 0.8032), (-0.5957, 0.0000, 0.8032), (-0.5957, 0.0000, 0.8032), (-0.5957, 0.0000, 0.8032), (-0.0000, 1.0000, 0.0000), (-0.0000, 1.0000, 0.0000), (-0.0000, 1.0000, 0.0000), (-0.0000, 1.0000, 0.0000), (0.0000, -1.0000, 0.0000), (0.0000, -1.0000, 0.0000), (0.0000, -1.0000, 0.0000), (0.0000, -1.0000, 0.0000), (0.8032, 0.0000, 0.5957), (0.8032, 0.0000, 0.5957), (0.8032, 0.0000, 0.5957), (0.8032, 0.0000, 0.5957), (-0.8032, 0.0000, -0.5957), (-0.8032, 0.0000, -0.5957), (-0.8032, 0.0000, -0.5957), (-0.8032, 0.0000, -0.5957), (0.6716, 0.0000, -0.7410), (0.6716, 0.0000, -0.7410), (0.6716, 0.0000, -0.7410), (0.6716, 0.0000, -0.7410), (-0.6716, 0.0000, 0.7410), (-0.6716, 0.0000, 0.7410), (-0.6716, 0.0000, 0.7410), (-0.6716, 0.0000, 0.7410), (-0.0000, 1.0000, 0.0000), (-0.0000, 1.0000, 0.0000), (-0.0000, 1.0000, 0.0000), (-0.0000, 1.0000, 0.0000), (0.0000, -1.0000, 0.0000), (0.0000, -1.0000, 0.0000), (0.0000, -1.0000, 0.0000), (0.0000, -1.0000, 0.0000), (0.7410, 0.0000, 0.6716), (0.7410, 0.0000, 0.6716), (0.7410, 0.0000, 0.6716), (0.7410, 0.0000, 0.6716), (-0.7410, 0.0000, -0.6716), (-0.7410, 0.0000, -0.6716), (-0.7410, 0.0000, -0.6716), (-0.7410, 0.0000, -0.6716), (0.7410, 0.0000, -0.6716), (0.7410, 0.0000, -0.6716), (0.7410, 0.0000, -0.6716), (0.7410, 0.0000, -0.6716), (-0.7410, 0.0000, 0.6716), (-0.7410, 0.0000, 0.6716), (-0.7410, 0.0000, 0.6716), (-0.7410, 0.0000, 0.6716), (-0.0000, 1.0000, 0.0000), (-0.0000, 1.0000, 0.0000), (-0.0000, 1.0000, 0.0000), (-0.0000, 1.0000, 0.0000), (0.0000, -1.0000, 0.0000), (0.0000, -1.0000, 0.0000), (0.0000, -1.0000, 0.0000), (0.0000, -1.0000, 0.0000), (0.6716, 0.0000, 0.7410), (0.6716, 0.0000, 0.7410), (0.6716, 0.0000, 0.7410), (0.6716, 0.0000, 0.7410), (-0.6716, 0.0000, -0.7410), (-0.6716, 0.0000, -0.7410), (-0.6716, 0.0000, -0.7410), (-0.6716, 0.0000, -0.7410), (0.8032, 0.0000, -0.5957), (0.8032, 0.0000, -0.5957), (0.8032, 0.0000, -0.5957), (0.8032, 0.0000, -0.5957), (-0.8032, 0.0000, 0.5957), (-0.8032, 0.0000, 0.5957), (-0.8032, 0.0000, 0.5957), (-0.8032, 0.0000, 0.5957), (-0.0000, 1.0000, 0.0000), (-0.0000, 1.0000, 0.0000), (-0.0000, 1.0000, 0.0000), (-0.0000, 1.0000, 0.0000), (0.0000, -1.0000, 0.0000), (0.0000, -1.0000, 0.0000), (0.0000, -1.0000, 0.0000), (0.0000, -1.0000, 0.0000), (0.5957, 0.0000, 0.8032), (0.5957, 0.0000, 0.8032), (0.5957, 0.0000, 0.8032), (0.5957, 0.0000, 0.8032), (-0.5957, 0.0000, -0.8032), (-0.5957, 0.0000, -0.8032), (-0.5957, 0.0000, -0.8032), (-0.5957, 0.0000, -0.8032), (0.8577, 0.0000, -0.5141), (0.8577, 0.0000, -0.5141), (0.8577, 0.0000, -0.5141), (0.8577, 0.0000, -0.5141), (-0.8577, 0.0000, 0.5141), (-0.8577, 0.0000, 0.5141), (-0.8577, 0.0000, 0.5141), (-0.8577, 0.0000, 0.5141), (-0.0000, 1.0000, 0.0000), (-0.0000, 1.0000, 0.0000), (-0.0000, 1.0000, 0.0000), (-0.0000, 1.0000, 0.0000), (0.0000, -1.0000, 0.0000), (0.0000, -1.0000, 0.0000), (0.0000, -1.0000, 0.0000), (0.0000, -1.0000, 0.0000), (0.5141, 0.0000, 0.8577), (0.5141, 0.0000, 0.8577), (0.5141, 0.0000, 0.8577), (0.5141, 0.0000, 0.8577), (-0.5141, 0.0000, -0.8577), (-0.5141, 0.0000, -0.8577), (-0.5141, 0.0000, -0.8577), (-0.5141, 0.0000, -0.8577), (0.9040, 0.0000, -0.4276), (0.9040, 0.0000, -0.4276), (0.9040, 0.0000, -0.4276), (0.9040, 0.0000, -0.4276), (-0.9040, 0.0000, 0.4276), (-0.9040, 0.0000, 0.4276), (-0.9040, 0.0000, 0.4276), (-0.9040, 0.0000, 0.4276), (-0.0000, 1.0000, 0.0000), (-0.0000, 1.0000, 0.0000), (-0.0000, 1.0000, 0.0000), (-0.0000, 1.0000, 0.0000), (0.0000, -1.0000, 0.0000), (0.0000, -1.0000, 0.0000), (0.0000, -1.0000, 0.0000), (0.0000, -1.0000, 0.0000), (0.4276, 0.0000, 0.9040), (0.4276, 0.0000, 0.9040), (0.4276, 0.0000, 0.9040), (0.4276, 0.0000, 0.9040), (-0.4276, 0.0000, -0.9040), (-0.4276, 0.0000, -0.9040), (-0.4276, 0.0000, -0.9040), (-0.4276, 0.0000, -0.9040), (0.9415, 0.0000, -0.3369), (0.9415, 0.0000, -0.3369), (0.9415, 0.0000, -0.3369), (0.9415, 0.0000, -0.3369), (-0.9415, 0.0000, 0.3369), (-0.9415, 0.0000, 0.3369), (-0.9415, 0.0000, 0.3369), (-0.9415, 0.0000, 0.3369), (0.0000, 1.0000, 0.0000), (0.0000, 1.0000, 0.0000), (0.0000, 1.0000, 0.0000), (0.0000, 1.0000, 0.0000), (0.0000, -1.0000, 0.0000), (0.0000, -1.0000, 0.0000), (0.0000, -1.0000, 0.0000), (0.0000, -1.0000, 0.0000), (0.3369, 0.0000, 0.9415), (0.3369, 0.0000, 0.9415), (0.3369, 0.0000, 0.9415), (0.3369, 0.0000, 0.9415), (-0.3369, 0.0000, -0.9415), (-0.3369, 0.0000, -0.9415), (-0.3369, 0.0000, -0.9415), (-0.3369, 0.0000, -0.9415), (0.9700, 0.0000, -0.2430), (0.9700, 0.0000, -0.2430), (0.9700, 0.0000, -0.2430), (0.9700, 0.0000, -0.2430), (-0.9700, 0.0000, 0.2430), (-0.9700, 0.0000, 0.2430), (-0.9700, 0.0000, 0.2430), (-0.9700, 0.0000, 0.2430), (0.0000, 1.0000, 0.0000), (0.0000, 1.0000, 0.0000), (0.0000, 1.0000, 0.0000), (0.0000, 1.0000, 0.0000), (0.0000, -1.0000, 0.0000), (0.0000, -1.0000, 0.0000), (0.0000, -1.0000, 0.0000), (0.0000, -1.0000, 0.0000), (0.2430, 0.0000, 0.9700), (0.2430, 0.0000, 0.9700), (0.2430, 0.0000, 0.9700), (0.2430, 0.0000, 0.9700), (-0.2430, 0.0000, -0.9700), (-0.2430, 0.0000, -0.9700), (-0.2430, 0.0000, -0.9700), (-0.2430, 0.0000, -0.9700), (0.9892, 0.0000, -0.1467), (0.9892, 0.0000, -0.1467), (0.9892, 0.0000, -0.1467), (0.9892, 0.0000, -0.1467), (-0.9892, 0.0000, 0.1467), (-0.9892, 0.0000, 0.1467), (-0.9892, 0.0000, 0.1467), (-0.9892, 0.0000, 0.1467), (0.0000, 1.0000, 0.0000), (0.0000, 1.0000, 0.0000), (0.0000, 1.0000, 0.0000), (0.0000, 1.0000, 0.0000), (0.0000, -1.0000, 0.0000), (0.0000, -1.0000, 0.0000), (0.0000, -1.0000, 0.0000), (0.0000, -1.0000, 0.0000), (0.1467, 0.0000, 0.9892), (0.1467, 0.0000, 0.9892), (0.1467, 0.0000, 0.9892), (0.1467, 0.0000, 0.9892), (-0.1467, 0.0000, -0.9892), (-0.1467, 0.0000, -0.9892), (-0.1467, 0.0000, -0.9892), (-0.1467, 0.0000, -0.9892), (0.9988, 0.0000, -0.0491), (0.9988, 0.0000, -0.0491), (0.9988, 0.0000, -0.0491), (0.9988, 0.0000, -0.0491), (-0.9988, 0.0000, 0.0491), (-0.9988, 0.0000, 0.0491), (-0.9988, 0.0000, 0.0491), (-0.9988, 0.0000, 0.0491), (0.0000, 1.0000, 0.0000), (0.0000, 1.0000, 0.0000), (0.0000, 1.0000, 0.0000), (0.0000, 1.0000, 0.0000), (0.0000, -1.0000, 0.0000), (0.0000, -1.0000, 0.0000), (0.0000, -1.0000, 0.0000), (0.0000, -1.0000, 0.0000), (0.0491, 0.0000, 0.9988), (0.0491, 0.0000, 0.9988), (0.0491, 0.0000, 0.9988), (0.0491, 0.0000, 0.9988), (-0.0491, 0.0000, -0.9988), (-0.0491, 0.0000, -0.9988), (-0.0491, 0.0000, -0.9988), (-0.0491, 0.0000, -0.9988), (0.0000, -1.0000, 0.0000), (0.0000, -1.0000, 0.0000), (0.0000, -1.0000, 0.0000), (0.0000, -1.0000, 0.0000), (-0.0000, 1.0000, 0.0000), (-0.0000, 1.0000, 0.0000), (-0.0000, 1.0000, 0.0000), (-0.0000, 1.0000, 0.0000), (1.0000, 0.0000, -0.0000), (1.0000, 0.0000, -0.0000), (1.0000, 0.0000, -0.0000), (1.0000, 0.0000, -0.0000), (-1.0000, 0.0000, 0.0000), (-1.0000, 0.0000, 0.0000), (-1.0000, 0.0000, 0.0000), (-1.0000, 0.0000, 0.0000), (0.0000, 0.0000, 1.0000), (0.0000, 0.0000, 1.0000), (0.0000, 0.0000, 1.0000), (0.0000, 0.0000, 1.0000), (0.0000, 0.0000, -1.0000), (0.0000, 0.0000, -1.0000), (0.0000, 0.0000, -1.0000), (0.0000, 0.0000, -1.0000)] (interpolation = "vertex")
        texCoord2f[] primvars:st = [(-0.6400, 2.5782), (-0.6400, 2.6882), (-0.5600, 2.6882), (-0.5600, 2.5782), (-0.5496, 2.5782), (-0.5496, 2.6882), (-0.6295, 2.6882), (-0.6295, 2.5782), (0.0020, -0.6400), (-0.0020, -0.5600), (0.2107, -0.5496), (0.2147, -0.6295), (0.0020, -0.6400), (0.2147, -0.6295), (0.2107, -0.5496), (-0.0020, -0.5600), (0.0020, 2.5782), (0.2147, 2.5782), (0.2147, 2.6882), (0.0020, 2.6882), (-0.0020, 2.5782), (-0.0020, 2.6882), (0.2107, 2.6882), (0.2107, 2.5782), (-0.6291, 2.5782), (-0.6291, 2.6882), (-0.5500, 2.6882), (-0.5500, 2.5782), (-0.5187, 2.5782), (-0.5187, 2.6882), (-0.5979, 2.6882), (-0.5979, 2.5782), (0.2186, -0.6291), (0.2068, -0.5500), (0.4175, -0.5187), (0.4292, -0.5979), (0.2186, -0.6291), (0.4292, -0.5979), (0.4175, -0.5187), (0.2068, -0.5500), (0.2186, 2.5782), (0.4292, 2.5782), (0.4292, 2.6882), (0.2186, 2.6882), (0.2068, 2.5782), (0.2068, 2.6882), (0.4175, 2.6882), (0.4175, 2.5782), (-0.5971, 2.5782), (-0.5971, 2.6882), (-0.5195, 2.6882), (-0.5195, 2.5782), (-0.4678, 2.5782), (-0.4678, 2.6882), (-0.5454, 2.6882), (-0.5454, 2.5782), (0.4331, -0.5971), (0.4136, -0.5195), (0.6202, -0.4678), (0.6396, -0.5454), (0.4331, -0.5971), (0.6396, -0.5454), (0.6202, -0.4678), (0.4136, -0.5195), (0.4331, 2.5782), (0.6396, 2.5782), (0.6396, 2.6882), (0.4331, 2.6882), (0.4136, 2.5782), (0.4136, 2.6882), (0.6202, 2.6882), (0.6202, 2.5782), (-0.5442, 2.5782), (-0.5442, 2.6882), (-0.4689, 2.6882), (-0.4689, 2.5782), (-0.3972, 2.5782), (-0.3972, 2.6882), (-0.4725, 2.6882), (-0.4725, 2.5782), (0.6434, -0.5442), (0.6164, -0.4689), (0.8169, -0.3972), (0.8439, -0.4725), (0.6434, -0.5442), (0.8439, -0.4725), (0.8169, -0.3972), (0.6164, -0.4689), (0.6434, 2.5782), (0.8439, 2.5782), (0.8439, 2.6882), (0.6434, 2.6882), (0.6164, 2.5782), (0.6164, 2.6882), (0.8169, 2.6882), (0.8169, 2.5782), (-0.4710, 2.5782), (-0.4710, 2.6882), (-0.3987, 2.6882), (-0.3987, 2.5782), (-0.3076, 2.5782), (-0.3076, 2.6882), (-0.3799, 2.6882), (-0.3799, 2.5782), (0.8475, -0.4710), (0.8133, -0.3987), (1.0058, -0.3076), (1.0400, -0.3799), (0.8475, -0.4710), (1.0400, -0.3799), (1.0058, -0.3076), (0.8133, -0.3987), (0.8475, 2.5782), (1.0400, 2.5782), (1.0400, 2.6882), (0.8475, 2.6882), (0.8133, 2.5782), (0.8133, 2.6882), (1.0058, 2.6882), (1.0058, 2.5782), (-0.3781, 2.5782), (-0.3781, 2.6882), (-0.3095, 2.6882), (-0.3095, 2.5782), (-0.2000, 2.5782), (-0.2000, 2.6882), (-0.2686, 2.6882), (-0.2686, 2.5782), (1.0435, -0.3781), (1.0024, -0.3095), (1.1850, -0.2000), (1.2262, -0.2686), (1.0435, -0.3781), (1.2262, -0.2686), (1.1850, -0.2000), (1.0024, -0.3095), (1.0435, 2.5782), (1.2262, 2.5782), (1.2262, 2.6882), (1.0435, 2.6882), (1.0024, 2.5782), (1.0024, 2.6882), (1.1850, 2.6882), (1.1850, 2.5782), (-0.2664, 2.5782), (-0.2664, 2.6882), (-0.2022, 2.6882), (-0.2022, 2.5782), (-0.0753, 2.5782), (-0.0753, 2.6882), (-0.1396, 2.6882), (-0.1396, 2.5782), (1.2294, -0.2664), (1.1818, -0.2022), (1.3528, -0.0753), (1.4005, -0.1396), (1.2294, -0.2664), (1.4005, -0.1396), (1.3528, -0.0753), (1.1818, -0.2022), (1.2294, 2.5782), (1.4005, 2.5782), (1.4005, 2.6882), (1.2294, 2.6882), (1.1818, 2.5782), (1.1818, 2.6882), (1.3528, 2.6882), (1.3528, 2.5782), (-0.1371, 2.5782), (-0.1371, 2.6882), (-0.0778, 2.6882), (-0.0778, 2.5782), (0.0652, 2.5782), (0.0652, 2.6882), (0.0059, 2.6882), (0.0059, 2.5782), (1.4035, -0.1371), (1.3498, -0.0778), (1.5076, 0.0652), (1.5613, 0.0059), (1.4035, -0.1371), (1.5613, 0.0059), (1.5076, 0.0652), (1.3498, -0.0778), (1.4035, 2.5782), (1.5613, 2.5782), (1.5613, 2.6882), (1.4035, 2.6882), (1.3498, 2.5782), (1.3498, 2.6882), (1.5076, 2.6882), (1.5076, 2.5782), (1.5641, 2.5782), (1.5641, 2.6882), (1.5048, 2.6882), (1.5048, 2.5782), (1.6478, 2.5782), (1.6478, 2.6882), (1.7071, 2.6882), (1.7071, 2.5782), (1.5641, 0.0087), (1.5048, 0.0624), (1.6478, 0.2202), (1.7071, 0.1665), (1.5641, 0.0087), (1.7071, 0.1665), (1.6478, 0.2202), (1.5048, 0.0624), (0.0087, 2.5782), (0.1665, 2.5782), (0.1665, 2.6882), (0.0087, 2.6882), (0.0624, 2.5782), (0.0624, 2.6882), (0.2202, 2.6882), (0.2202, 2.5782), (1.7096, 2.5782), (1.7096, 2.6882), (1.6453, 2.6882), (1.6453, 2.5782), (1.7722, 2.5782), (1.7722, 2.6882), (1.8364, 2.6882), (1.8364, 2.5782), (1.7096, 0.1695), (1.6453, 0.2172), (1.7722, 0.3882), (1.8364, 0.3406), (1.7096, 0.1695), (1.8364, 0.3406), (1.7722, 0.3882), (1.6453, 0.2172), (0.1695, 2.5782), (0.3406, 2.5782), (0.3406, 2.6882), (0.1695, 2.6882), (0.2172, 2.5782), (0.2172, 2.6882), (0.3882, 2.6882), (0.3882, 2.5782), (1.8386, 2.5782), (1.8386, 2.6882), (1.7700, 2.6882), (1.7700, 2.5782), (1.8795, 2.5782), (1.8795, 2.6882), (1.9481, 2.6882), (1.9481, 2.5782), (1.8386, 0.3438), (1.7700, 0.3850), (1.8795, 0.5676), (1.9481, 0.5265), (1.8386, 0.3438), (1.9481, 0.5265), (1.8795, 0.5676), (1.7700, 0.3850), (0.3438, 2.5782), (0.5265, 2.5782), (0.5265, 2.6882), (0.3438, 2.6882), (0.3850, 2.5782), (0.3850, 2.6882), (0.5676, 2.6882), (0.5676, 2.5782), (1.9499, 2.5782), (1.9499, 2.6882), (1.8776, 2.6882), (1.8776, 2.5782), (1.9687, 2.5782), (1.9687, 2.6882), (2.0410, 2.6882), (2.0410, 2.5782), (1.9499, 0.5300), (1.8776, 0.5642), (1.9687, 0.7567), (2.0410, 0.7225), (1.9499, 0.5300), (2.0410, 0.7225), (1.9687, 0.7567), (1.8776, 0.5642), (0.5300, 2.5782), (0.7225, 2.5782), (0.7225, 2.6882), (0.5300, 2.6882), (0.5642, 2.5782), (0.5642, 2.6882), (0.7567, 2.6882), (0.7567, 2.5782), (2.0425, 2.5782), (2.0425, 2.6882), (1.9672, 2.6882), (1.9672, 2.5782), (2.0389, 2.5782), (2.0389, 2.6882), (2.1142, 2.6882), (2.1142, 2.5782), (2.0425, 0.7261), (1.9672, 0.7531), (2.0389, 0.9536), (2.1142, 0.9266), (2.0425, 0.7261), (2.1142, 0.9266), (2.0389, 0.9536), (1.9672, 0.7531), (0.7261, 2.5782), (0.9266, 2.5782), (0.9266, 2.6882), (0.7261, 2.6882), (0.7531, 2.5782), (0.7531, 2.6882), (0.9536, 2.6882), (0.9536, 2.5782), (2.1154, 2.5782), (2.1154, 2.6882), (2.0378, 2.6882), (2.0378, 2.5782), (2.0895, 2.5782), (2.0895, 2.6882), (2.1671, 2.6882), (2.1671, 2.5782), (2.1154, 0.9304), (2.0378, 0.9498), (2.0895, 1.1564), (2.1671, 1.1369), (2.1154, 0.9304), (2.1671, 1.1369), (2.0895, 1.1564), (2.0378, 0.9498), (0.9304, 2.5782), (1.1369, 2.5782), (1.1369, 2.6882), (0.9304, 2.6882), (0.9498, 2.5782), (0.9498, 2.6882), (1.1564, 2.6882), (1.1564, 2.5782), (2.1679, 2.5782), (2.1679, 2.6882), (2.0887, 2.6882), (2.0887, 2.5782), (2.1200, 2.5782), (2.1200, 2.6882), (2.1991, 2.6882), (2.1991, 2.5782), (2.1679, 1.1408), (2.0887, 1.1525), (2.1200, 1.3632), (2.1991, 1.3514), (2.1679, 1.1408), (2.1991, 1.3514), (2.1200, 1.3632), (2.0887, 1.1525), (1.1408, 2.5782), (1.3514, 2.5782), (1.3514, 2.6882), (1.1408, 2.6882), (1.1525, 2.5782), (1.1525, 2.6882), (1.3632, 2.6882), (1.3632, 2.5782), (2.1995, 2.5782), (2.1995, 2.6882), (2.1196, 2.6882), (2.1196, 2.5782), (2.1300, 2.5782), (2.1300, 2.6882), (2.2100, 2.6882), (2.2100, 2.5782), (2.1995, 1.3553), (2.1196, 1.3593), (2.1300, 1.5720), (2.2100, 1.5680), (2.1995, 1.3553), (2.2100, 1.5680), (2.1300, 1.5720), (2.1196, 1.3593), (1.3553, 2.5782), (1.5680, 2.5782), (1.5680, 2.6882), (1.3553, 2.6882), (1.3593, 2.5782), (1.3593, 2.6882), (1.5720, 2.6882), (1.5720, 2.5782), (2.2100, 2.5782), (2.2100, 2.6882), (2.1300, 2.6882), (2.1300, 2.5782), (2.1196, 2.5782), (2.1196, 2.6882), (2.1995, 2.6882), (2.1995, 2.5782), (2.2100, 1.5720), (2.1300, 1.5680), (2.1196, 1.7807), (2.1995, 1.7847), (2.2100, 1.5720), (2.1995, 1.7847), (2.1196, 1.7807), (2.1300, 1.5680), (1.5720, 2.5782), (1.7847, 2.5782), (1.7847, 2.6882), (1.5720, 2.6882), (1.5680, 2.5782), (1.5680, 2.6882), (1.7807, 2.6882), (1.7807, 2.5782), (2.1991, 2.5782), (2.1991, 2.6882), (2.1200, 2.6882), (2.1200, 2.5782), (2.0887, 2.5782), (2.0887, 2.6882), (2.1679, 2.6882), (2.1679, 2.5782), (2.1991, 1.7886), (2.1200, 1.7768), (2.0887, 1.9875), (2.1679, 1.9992), (2.1991, 1.7886), (2.1679, 1.9992), (2.0887, 1.9875), (2.1200, 1.7768), (1.7886, 2.5782), (1.9992, 2.5782), (1.9992, 2.6882), (1.7886, 2.6882), (1.7768, 2.5782), (1.7768, 2.6882), (1.9875, 2.6882), (1.9875, 2.5782), (2.1671, 2.5782), (2.1671, 2.6882), (2.0895, 2.6882), (2.0895, 2.5782), (2.0378, 2.5782), (2.0378, 2.6882), (2.1154, 2.6882), (2.1154, 2.5782), (2.1671, 2.0031), (2.0895, 1.9836), (2.0378, 2.1902), (2.1154, 2.2096), (2.1671, 2.0031), (2.1154, 2.2096), (2.0378, 2.1902), (2.0895, 1.9836), (2.0031, 2.5782), (2.2096, 2.5782), (2.2096, 2.6882), (2.0031, 2.6882), (1.9836, 2.5782), (1.9836, 2.6882), (2.1902, 2.6882), (2.1902, 2.5782), (2.1142, 2.5782), (2.1142, 2.6882), (2.0389, 2.6882), (2.0389, 2.5782), (1.9672, 2.5782), (1.9672, 2.6882), (2.0425, 2.6882), (2.0425, 2.5782), (2.1142, 2.2134), (2.0389, 2.1864), (1.9672, 2.3869), (2.0425, 2.4139), (2.1142, 2.2134), (2.0425, 2.4139), (1.9672, 2.3869), (2.0389, 2.1864), (2.2134, 2.5782), (2.4139, 2.5782), (2.4139, 2.6882), (2.2134, 2.6882), (2.1864, 2.5782), (2.1864, 2.6882), (2.3869, 2.6882), (2.3869, 2.5782), (2.0410, 2.5782), (2.0410, 2.6882), (1.9687, 2.6882), (1.9687, 2.5782), (1.8776, 2.5782), (1.8776, 2.6882), (1.9499, 2.6882), (1.9499, 2.5782), (2.0410, 2.4175), (1.9687, 2.3833), (1.8776, 2.5758), (1.9499, 2.6100), (2.0410, 2.4175), (1.9499, 2.6100), (1.8776, 2.5758), (1.9687, 2.3833), (2.4175, 2.5782), (2.6100, 2.5782), (2.6100, 2.6882), (2.4175, 2.6882), (2.3833, 2.5782), (2.3833, 2.6882), (2.5758, 2.6882), (2.5758, 2.5782), (1.9481, 2.5782), (1.9481, 2.6882), (1.8795, 2.6882), (1.8795, 2.5782), (1.7700, 2.5782), (1.7700, 2.6882), (1.8386, 2.6882), (1.8386, 2.5782), (1.9481, 2.6135), (1.8795, 2.5724), (1.7700, 2.7550), (1.8386, 2.7962), (1.9481, 2.6135), (1.8386, 2.7962), (1.7700, 2.7550), (1.8795, 2.5724), (2.6135, 2.5782), (2.7962, 2.5782), (2.7962, 2.6882), (2.6135, 2.6882), (2.5724, 2.5782), (2.5724, 2.6882), (2.7550, 2.6882), (2.7550, 2.5782), (1.8364, 2.5782), (1.8364, 2.6882), (1.7722, 2.6882), (1.7722, 2.5782), (1.6453, 2.5782), (1.6453, 2.6882), (1.7096, 2.6882), (1.7096, 2.5782), (1.8364, 2.7994), (1.7722, 2.7518), (1.6453, 2.9228), (1.7096, 2.9705), (1.8364, 2.7994), (1.7096, 2.9705), (1.6453, 2.9228), (1.7722, 2.7518), (2.7994, 2.5782), (2.9705, 2.5782), (2.9705, 2.6882), (2.7994, 2.6882), (2.7518, 2.5782), (2.7518, 2.6882), (2.9228, 2.6882), (2.9228, 2.5782), (1.7071, 2.5782), (1.7071, 2.6882), (1.6478, 2.6882), (1.6478, 2.5782), (1.5048, 2.5782), (1.5048, 2.6882), (1.5641, 2.6882), (1.5641, 2.5782), (1.7071, 2.9735), (1.6478, 2.9198), (1.5048, 3.0776), (1.5641, 3.1313), (1.7071, 2.9735), (1.5641, 3.1313), (1.5048, 3.0776), (1.6478, 2.9198), (2.9735, 2.5782), (3.1313, 2.5782), (3.1313, 2.6882), (2.9735, 2.6882), (2.9198, 2.5782), (2.9198, 2.6882), (3.0776, 2.6882), (3.0776, 2.5782), (3.1341, 2.5782), (3.1341, 2.6882), (3.0748, 2.6882), (3.0748, 2.5782), (3.2178, 2.5782), (3.2178, 2.6882), (3.2771, 2.6882), (3.2771, 2.5782), (1.5613, 3.1341), (1.5076, 3.0748), (1.3498, 3.2178), (1.4035, 3.2771), (1.5613, 3.1341), (1.4035, 3.2771), (1.3498, 3.2178), (1.5076, 3.0748), (1.5613, 2.5782), (1.4035, 2.5782), (1.4035, 2.6882), (1.5613, 2.6882), (1.5076, 2.5782), (1.5076, 2.6882), (1.3498, 2.6882), (1.3498, 2.5782), (3.2796, 2.5782), (3.2796, 2.6882), (3.2153, 2.6882), (3.2153, 2.5782), (3.3422, 2.5782), (3.3422, 2.6882), (3.4064, 2.6882), (3.4064, 2.5782), (1.4005, 3.2796), (1.3528, 3.2153), (1.1818, 3.3422), (1.2294, 3.4064), (1.4005, 3.2796), (1.2294, 3.4064), (1.1818, 3.3422), (1.3528, 3.2153), (1.4005, 2.5782), (1.2294, 2.5782), (1.2294, 2.6882), (1.4005, 2.6882), (1.3528, 2.5782), (1.3528, 2.6882), (1.1818, 2.6882), (1.1818, 2.5782), (3.4086, 2.5782), (3.4086, 2.6882), (3.3400, 2.6882), (3.3400, 2.5782), (3.4495, 2.5782), (3.4495, 2.6882), (3.5181, 2.6882), (3.5181, 2.5782), (1.2262, 3.4086), (1.1850, 3.3400), (1.0024, 3.4495), (1.0435, 3.5181), (1.2262, 3.4086), (1.0435, 3.5181), (1.0024, 3.4495), (1.1850, 3.3400), (1.2262, 2.5782), (1.0435, 2.5782), (1.0435, 2.6882), (1.2262, 2.6882), (1.1850, 2.5782), (1.1850, 2.6882), (1.0024, 2.6882), (1.0024, 2.5782), (3.5199, 2.5782), (3.5199, 2.6882), (3.4476, 2.6882), (3.4476, 2.5782), (3.5387, 2.5782), (3.5387, 2.6882), (3.6110, 2.6882), (3.6110, 2.5782), (1.0400, 3.5199), (1.0058, 3.4476), (0.8133, 3.5387), (0.8475, 3.6110), (1.0400, 3.5199), (0.8475, 3.6110), (0.8133, 3.5387), (1.0058, 3.4476), (1.0400, 2.5782), (0.8475, 2.5782), (0.8475, 2.6882), (1.0400, 2.6882), (1.0058, 2.5782), (1.0058, 2.6882), (0.8133, 2.6882), (0.8133, 2.5782), (3.6125, 2.5782), (3.6125, 2.6882), (3.5372, 2.6882), (3.5372, 2.5782), (3.6089, 2.5782), (3.6089, 2.6882), (3.6842, 2.6882), (3.6842, 2.5782), (0.8439, 3.6125), (0.8169, 3.5372), (0.6164, 3.6089), (0.6434, 3.6842), (0.8439, 3.6125), (0.6434, 3.6842), (0.6164, 3.6089), (0.8169, 3.5372), (0.8439, 2.5782), (0.6434, 2.5782), (0.6434, 2.6882), (0.8439, 2.6882), (0.8169, 2.5782), (0.8169, 2.6882), (0.6164, 2.6882), (0.6164, 2.5782), (3.6854, 2.5782), (3.6854, 2.6882), (3.6078, 2.6882), (3.6078, 2.5782), (3.6595, 2.5782), (3.6595, 2.6882), (3.7371, 2.6882), (3.7371, 2.5782), (0.6396, 3.6854), (0.6202, 3.6078), (0.4136, 3.6595), (0.4331, 3.7371), (0.6396, 3.6854), (0.4331, 3.7371), (0.4136, 3.6595), (0.6202, 3.6078), (0.6396, 2.5782), (0.4331, 2.5782), (0.4331, 2.6882), (0.6396, 2.6882), (0.6202, 2.5782), (0.6202, 2.6882), (0.4136, 2.6882), (0.4136, 2.5782), (3.7379, 2.5782), (3.7379, 2.6882), (3.6587, 2.6882), (3.6587, 2.5782), (3.6900, 2.5782), (3.6900, 2.6882), (3.7691, 2.6882), (3.7691, 2.5782), (0.4292, 3.7379), (0.4175, 3.6587), (0.2068, 3.6900), (0.2186, 3.7691), (0.4292, 3.7379), (0.2186, 3.7691), (0.2068, 3.6900), (0.4175, 3.6587), (0.4292, 2.5782), (0.2186, 2.5782), (0.2186, 2.6882), (0.4292, 2.6882), (0.4175, 2.5782), (0.4175, 2.6882), (0.2068, 2.6882), (0.2068, 2.5782), (3.7695, 2.5782), (3.7695, 2.6882), (3.6896, 2.6882), (3.6896, 2.5782), (3.7000, 2.5782), (3.7000, 2.6882), (3.7800, 2.6882), (3.7800, 2.5782), (0.2147, 3.7695), (0.2107, 3.6896), (-0.0020, 3.7000), (0.0020, 3.7800), (0.2147, 3.7695), (0.0020, 3.7800), (-0.0020, 3.7000), (0.2107, 3.6896), (0.2147, 2.5782), (0.0020, 2.5782), (0.0020, 2.6882), (0.2147, 2.6882), (0.2107, 2.5782), (0.2107, 2.6882), (-0.0020, 2.6882), (-0.0020, 2.5782), (3.7800, 2.5782), (3.7800, 2.6882), (3.7000, 2.6882), (3.7000, 2.5782), (3.6896, 2.5782), (3.6896, 2.6882), (3.7695, 2.6882), (3.7695, 2.5782), (-0.0020, 3.7800), (0.0020, 3.7000), (-0.2107, 3.6896), (-0.2147, 3.7695), (-0.0020, 3.7800), (-0.2147, 3.7695), (-0.2107, 3.6896), (0.0020, 3.7000), (-0.0020, 2.5782), (-0.2147, 2.5782), (-0.2147, 2.6882), (-0.0020, 2.6882), (0.0020, 2.5782), (0.0020, 2.6882), (-0.2107, 2.6882), (-0.2107, 2.5782), (3.7691, 2.5782), (3.7691, 2.6882), (3.6900, 2.6882), (3.6900, 2.5782), (3.6587, 2.5782), (3.6587, 2.6882), (3.7379, 2.6882), (3.7379, 2.5782), (-0.2186, 3.7691), (-0.2068, 3.6900), (-0.4175, 3.6587), (-0.4292, 3.7379), (-0.2186, 3.7691), (-0.4292, 3.7379), (-0.4175, 3.6587), (-0.2068, 3.6900), (-0.2186, 2.5782), (-0.4292, 2.5782), (-0.4292, 2.6882), (-0.2186, 2.6882), (-0.2068, 2.5782), (-0.2068, 2.6882), (-0.4175, 2.6882), (-0.4175, 2.5782), (3.7371, 2.5782), (3.7371, 2.6882), (3.6595, 2.6882), (3.6595, 2.5782), (3.6078, 2.5782), (3.6078, 2.6882), (3.6854, 2.6882), (3.6854, 2.5782), (-0.4331, 3.7371), (-0.4136, 3.6595), (-0.6202, 3.6078), (-0.6396, 3.6854), (-0.4331, 3.7371), (-0.6396, 3.6854), (-0.6202, 3.6078), (-0.4136, 3.6595), (-0.4331, 2.5782), (-0.6396, 2.5782), (-0.6396, 2.6882), (-0.4331, 2.6882), (-0.4136, 2.5782), (-0.4136, 2.6882), (-0.6202, 2.6882), (-0.6202, 2.5782), (3.6842, 2.5782), (3.6842, 2.6882), (3.6089, 2.6882), (3.6089, 2.5782), (3.5372, 2.5782), (3.5372, 2.6882), (3.6125, 2.6882), (3.6125, 2.5782), (-0.6434, 3.6842), (-0.6164, 3.6089), (-0.8169, 3.5372), (-0.8439, 3.6125), (-0.6434, 3.6842), (-0.8439, 3.6125), (-0.8169, 3.5372), (-0.6164, 3.6089), (-0.6434, 2.5782), (-0.8439, 2.5782), (-0.8439, 2.6882), (-0.6434, 2.6882), (-0.6164, 2.5782), (-0.6164, 2.6882), (-0.8169, 2.6882), (-0.8169, 2.5782), (3.6110, 2.5782), (3.6110, 2.6882), (3.5387, 2.6882), (3.5387, 2.5782), (3.4476, 2.5782), (3.4476, 2.6882), (3.5199, 2.6882), (3.5199, 2.5782), (-0.8475, 3.6110), (-0.8133, 3.5387), (-1.0058, 3.4476), (-1.0400, 3.5199), (-0.8475, 3.6110), (-1.0400, 3.5199), (-1.0058, 3.4476), (-0.8133, 3.5387), (-0.8475, 2.5782), (-1.0400, 2.5782), (-1.0400, 2.6882), (-0.8475, 2.6882), (-0.8133, 2.5782), (-0.8133, 2.6882), (-1.0058, 2.6882), (-1.0058, 2.5782), (3.5181, 2.5782), (3.5181, 2.6882), (3.4495, 2.6882), (3.4495, 2.5782), (3.3400, 2.5782), (3.3400, 2.6882), (3.4086, 2.6882), (3.4086, 2.5782), (-1.0435, 3.5181), (-1.0024, 3.4495), (-1.1850, 3.3400), (-1.2262, 3.4086), (-1.0435, 3.5181), (-1.2262, 3.4086), (-1.1850, 3.3400), (-1.0024, 3.4495), (-1.0435, 2.5782), (-1.2262, 2.5782), (-1.2262, 2.6882), (-1.0435, 2.6882), (-1.0024, 2.5782), (-1.0024, 2.6882), (-1.1850, 2.6882), (-1.1850, 2.5782), (3.4064, 2.5782), (3.4064, 2.6882), (3.3422, 2.6882), (3.3422, 2.5782), (3.2153, 2.5782), (3.2153, 2.6882), (3.2796, 2.6882), (3.2796, 2.5782), (-1.2294, 3.4064), (-1.1818, 3.3422), (-1.3528, 3.2153), (-1.4005, 3.2796), (-1.2294, 3.4064), (-1.4005, 3.2796), (-1.3528, 3.2153), (-1.1818, 3.3422), (-1.2294, 2.5782), (-1.4005, 2.5782), (-1.4005, 2.6882), (-1.2294, 2.6882), (-1.1818, 2.5782), (-1.1818, 2.6882), (-1.3528, 2.6882), (-1.3528, 2.5782), (3.2771, 2.5782), (3.2771, 2.6882), (3.2178, 2.6882), (3.2178, 2.5782), (3.0748, 2.5782), (3.0748, 2.6882), (3.1341, 2.6882), (3.1341, 2.5782), (-1.4035, 3.2771), (-1.3498, 3.2178), (-1.5076, 3.0748), (-1.5613, 3.1341), (-1.4035, 3.2771), (-1.5613, 3.1341), (-1.5076, 3.0748), (-1.3498, 3.2178), (-1.4035, 2.5782), (-1.5613, 2.5782), (-1.5613, 2.6882), (-1.4035, 2.6882), (-1.3498, 2.5782), (-1.3498, 2.6882), (-1.5076, 2.6882), (-1.5076, 2.5782), (-1.5641, 2.5782), (-1.5641, 2.6882), (-1.5048, 2.6882), (-1.5048, 2.5782), (-1.6478, 2.5782), (-1.6478, 2.6882), (-1.7071, 2.6882), (-1.7071, 2.5782), (-1.5641, 3.1313), (-1.5048, 3.0776), (-1.6478, 2.9198), (-1.7071, 2.9735), (-1.5641, 3.1313), (-1.7071, 2.9735), (-1.6478, 2.9198), (-1.5048, 3.0776), (3.1313, 2.5782), (2.9735, 2.5782), (2.9735, 2.6882), (3.1313, 2.6882), (3.0776, 2.5782), (3.0776, 2.6882), (2.9198, 2.6882), (2.9198, 2.5782), (-1.7096, 2.5782), (-1.7096, 2.6882), (-1.6453, 2.6882), (-1.6453, 2.5782), (-1.7722, 2.5782), (-1.7722, 2.6882), (-1.8364, 2.6882), (-1.8364, 2.5782), (-1.7096, 2.9705), (-1.6453, 2.9228), (-1.7722, 2.7518), (-1.8364, 2.7994), (-1.7096, 2.9705), (-1.8364, 2.7994), (-1.7722, 2.7518), (-1.6453, 2.9228), (2.9705, 2.5782), (2.7994, 2.5782), (2.7994, 2.6882), (2.9705, 2.6882), (2.9228, 2.5782), (2.9228, 2.6882), (2.7518, 2.6882), (2.7518, 2.5782), (-1.8386, 2.5782), (-1.8386, 2.6882), (-1.7700, 2.6882), (-1.7700, 2.5782), (-1.8795, 2.5782), (-1.8795, 2.6882), (-1.9481, 2.6882), (-1.9481, 2.5782), (-1.8386, 2.7962), (-1.7700, 2.7550), (-1.8795, 2.5724), (-1.9481, 2.6135), (-1.8386, 2.7962), (-1.9481, 2.6135), (-1.8795, 2.5724), (-1.7700, 2.7550), (2.7962, 2.5782), (2.6135, 2.5782), (2.6135, 2.6882), (2.7962, 2.6882), (2.7550, 2.5782), (2.7550, 2.6882), (2.5724, 2.6882), (2.5724, 2.5782), (-1.9499, 2.5782), (-1.9499, 2.6882), (-1.8776, 2.6882), (-1.8776, 2.5782), (-1.9687, 2.5782), (-1.9687, 2.6882), (-2.0410, 2.6882), (-2.0410, 2.5782), (-1.9499, 2.6100), (-1.8776, 2.5758), (-1.9687, 2.3833), (-2.0410, 2.4175), (-1.9499, 2.6100), (-2.0410, 2.4175), (-1.9687, 2.3833), (-1.8776, 2.5758), (2.6100, 2.5782), (2.4175, 2.5782), (2.4175, 2.6882), (2.6100, 2.6882), (2.5758, 2.5782), (2.5758, 2.6882), (2.3833, 2.6882), (2.3833, 2.5782), (-2.0425, 2.5782), (-2.0425, 2.6882), (-1.9672, 2.6882), (-1.9672, 2.5782), (-2.0389, 2.5782), (-2.0389, 2.6882), (-2.1142, 2.6882), (-2.1142, 2.5782), (-2.0425, 2.4139), (-1.9672, 2.3869), (-2.0389, 2.1864), (-2.1142, 2.2134), (-2.0425, 2.4139), (-2.1142, 2.2134), (-2.0389, 2.1864), (-1.9672, 2.3869), (2.4139, 2.5782), (2.2134, 2.5782), (2.2134, 2.6882), (2.4139, 2.6882), (2.3869, 2.5782), (2.3869, 2.6882), (2.1864, 2.6882), (2.1864, 2.5782), (-2.1154, 2.5782), (-2.1154, 2.6882), (-2.0378, 2.6882), (-2.0378, 2.5782), (-2.0895, 2.5782), (-2.0895, 2.6882), (-2.1671, 2.6882), (-2.1671, 2.5782), (-2.1154, 2.2096), (-2.0378, 2.1902), (-2.0895, 1.9836), (-2.1671, 2.0031), (-2.1154, 2.2096), (-2.1671, 2.0031), (-2.0895, 1.9836), (-2.0378, 2.1902), (2.2096, 2.5782), (2.0031, 2.5782), (2.0031, 2.6882), (2.2096, 2.6882), (2.1902, 2.5782), (2.1902, 2.6882), (1.9836, 2.6882), (1.9836, 2.5782), (-2.1679, 2.5782), (-2.1679, 2.6882), (-2.0887, 2.6882), (-2.0887, 2.5782), (-2.1200, 2.5782), (-2.1200, 2.6882), (-2.1991, 2.6882), (-2.1991, 2.5782), (-2.1679, 1.9992), (-2.0887, 1.9875), (-2.1200, 1.7768), (-2.1991, 1.7886), (-2.1679, 1.9992), (-2.1991, 1.7886), (-2.1200, 1.7768), (-2.0887, 1.9875), (1.9992, 2.5782), (1.7886, 2.5782), (1.7886, 2.6882), (1.9992, 2.6882), (1.9875, 2.5782), (1.9875, 2.6882), (1.7768, 2.6882), (1.7768, 2.5782), (-2.1995, 2.5782), (-2.1995, 2.6882), (-2.1196, 2.6882), (-2.1196, 2.5782), (-2.1300, 2.5782), (-2.1300, 2.6882), (-2.2100, 2.6882), (-2.2100, 2.5782), (-2.1995, 1.7847), (-2.1196, 1.7807), (-2.1300, 1.5680), (-2.2100, 1.5720), (-2.1995, 1.7847), (-2.2100, 1.5720), (-2.1300, 1.5680), (-2.1196, 1.7807), (1.7847, 2.5782), (1.5720, 2.5782), (1.5720, 2.6882), (1.7847, 2.6882), (1.7807, 2.5782), (1.7807, 2.6882), (1.5680, 2.6882), (1.5680, 2.5782), (-2.2100, 2.5782), (-2.2100, 2.6882), (-2.1300, 2.6882), (-2.1300, 2.5782), (-2.1196, 2.5782), (-2.1196, 2.6882), (-2.1995, 2.6882), (-2.1995, 2.5782), (-2.2100, 1.5680), (-2.1300, 1.5720), (-2.1196, 1.3593), (-2.1995, 1.3553), (-2.2100, 1.5680), (-2.1995, 1.3553), (-2.1196, 1.3593), (-2.1300, 1.5720), (1.5680, 2.5782), (1.3553, 2.5782), (1.3553, 2.6882), (1.5680, 2.6882), (1.5720, 2.5782), (1.5720, 2.6882), (1.3593, 2.6882), (1.3593, 2.5782), (-2.1991, 2.5782), (-2.1991, 2.6882), (-2.1200, 2.6882), (-2.1200, 2.5782), (-2.0887, 2.5782), (-2.0887, 2.6882), (-2.1679, 2.6882), (-2.1679, 2.5782), (-2.1991, 1.3514), (-2.1200, 1.3632), (-2.0887, 1.1525), (-2.1679, 1.1408), (-2.1991, 1.3514), (-2.1679, 1.1408), (-2.0887, 1.1525), (-2.1200, 1.3632), (1.3514, 2.5782), (1.1408, 2.5782), (1.1408, 2.6882), (1.3514, 2.6882), (1.3632, 2.5782), (1.3632, 2.6882), (1.1525, 2.6882), (1.1525, 2.5782), (-2.1671, 2.5782), (-2.1671, 2.6882), (-2.0895, 2.6882), (-2.0895, 2.5782), (-2.0378, 2.5782), (-2.0378, 2.6882), (-2.1154, 2.6882), (-2.1154, 2.5782), (-2.1671, 1.1369), (-2.0895, 1.1564), (-2.0378, 0.9498), (-2.1154, 0.9304), (-2.1671, 1.1369), (-2.1154, 0.9304), (-2.0378, 0.9498), (-2.0895, 1.1564), (1.1369, 2.5782), (0.9304, 2.5782), (0.9304, 2.6882), (1.1369, 2.6882), (1.1564, 2.5782), (1.1564, 2.6882), (0.9498, 2.6882), (0.9498, 2.5782), (-2.1142, 2.5782), (-2.1142, 2.6882), (-2.0389, 2.6882), (-2.0389, 2.5782), (-1.9672, 2.5782), (-1.9672, 2.6882), (-2.0425, 2.6882), (-2.0425, 2.5782), (-2.1142, 0.9266), (-2.0389, 0.9536), (-1.9672, 0.7531), (-2.0425, 0.7261), (-2.1142, 0.9266), (-2.0425, 0.7261), (-1.9672, 0.7531), (-2.0389, 0.9536), (0.9266, 2.5782), (0.7261, 2.5782), (0.7261, 2.6882), (0.9266, 2.6882), (0.9536, 2.5782), (0.9536, 2.6882), (0.7531, 2.6882), (0.7531, 2.5782), (-2.0410, 2.5782), (-2.0410, 2.6882), (-1.9687, 2.6882), (-1.9687, 2.5782), (-1.8776, 2.5782), (-1.8776, 2.6882), (-1.9499, 2.6882), (-1.9499, 2.5782), (-2.0410, 0.7225), (-1.9687, 0.7567), (-1.8776, 0.5642), (-1.9499, 0.5300), (-2.0410, 0.7225), (-1.9499, 0.5300), (-1.8776, 0.5642), (-1.9687, 0.7567), (0.7225, 2.5782), (0.5300, 2.5782), (0.5300, 2.6882), (0.7225, 2.6882), (0.7567, 2.5782), (0.7567, 2.6882), (0.5642, 2.6882), (0.5642, 2.5782), (-1.9481, 2.5782), (-1.9481, 2.6882), (-1.8795, 2.6882), (-1.8795, 2.5782), (-1.7700, 2.5782), (-1.7700, 2.6882), (-1.8386, 2.6882), (-1.8386, 2.5782), (-1.9481, 0.5265), (-1.8795, 0.5676), (-1.7700, 0.3850), (-1.8386, 0.3438), (-1.9481, 0.5265), (-1.8386, 0.3438), (-1.7700, 0.3850), (-1.8795, 0.5676), (0.5265, 2.5782), (0.3438, 2.5782), (0.3438, 2.6882), (0.5265, 2.6882), (0.5676, 2.5782), (0.5676, 2.6882), (0.3850, 2.6882), (0.3850, 2.5782), (-1.8364, 2.5782), (-1.8364, 2.6882), (-1.7722, 2.6882), (-1.7722, 2.5782), (-1.6453, 2.5782), (-1.6453, 2.6882), (-1.7096, 2.6882), (-1.7096, 2.5782), (-1.8364, 0.3406), (-1.7722, 0.3882), (-1.6453, 0.2172), (-1.7096, 0.1695), (-1.8364, 0.3406), (-1.7096, 0.1695), (-1.6453, 0.2172), (-1.7722, 0.3882), (0.3406, 2.5782), (0.1695, 2.5782), (0.1695, 2.6882), (0.3406, 2.6882), (0.3882, 2.5782), (0.3882, 2.6882), (0.2172, 2.6882), (0.2172, 2.5782), (-1.7071, 2.5782), (-1.7071, 2.6882), (-1.6478, 2.6882), (-1.6478, 2.5782), (-1.5048, 2.5782), (-1.5048, 2.6882), (-1.5641, 2.6882), (-1.5641, 2.5782), (-1.7071, 0.1665), (-1.6478, 0.2202), (-1.5048, 0.0624), (-1.5641, 0.0087), (-1.7071, 0.1665), (-1.5641, 0.0087), (-1.5048, 0.0624), (-1.6478, 0.2202), (0.1665, 2.5782), (0.0087, 2.5782), (0.0087, 2.6882), (0.1665, 2.6882), (0.2202, 2.5782), (0.2202, 2.6882), (0.0624, 2.6882), (0.0624, 2.5782), (0.0059, 2.5782), (0.0059, 2.6882), (0.0652, 2.6882), (0.0652, 2.5782), (-0.0778, 2.5782), (-0.0778, 2.6882), (-0.1371, 2.6882), (-0.1371, 2.5782), (-1.5613, 0.0059), (-1.5076, 0.0652), (-1.3498, -0.0778), (-1.4035, -0.1371), (-1.5613, 0.0059), (-1.4035, -0.1371), (-1.3498, -0.0778), (-1.5076, 0.0652), (-1.5613, 2.5782), (-1.4035, 2.5782), (-1.4035, 2.6882), (-1.5613, 2.6882), (-1.5076, 2.5782), (-1.5076, 2.6882), (-1.3498, 2.6882), (-1.3498, 2.5782), (-0.1396, 2.5782), (-0.1396, 2.6882), (-0.0753, 2.6882), (-0.0753, 2.5782), (-0.2022, 2.5782), (-0.2022, 2.6882), (-0.2664, 2.6882), (-0.2664, 2.5782), (-1.4005, -0.1396), (-1.3528, -0.0753), (-1.1818, -0.2022), (-1.2294, -0.2664), (-1.4005, -0.1396), (-1.2294, -0.2664), (-1.1818, -0.2022), (-1.3528, -0.0753), (-1.4005, 2.5782), (-1.2294, 2.5782), (-1.2294, 2.6882), (-1.4005, 2.6882), (-1.3528, 2.5782), (-1.3528, 2.6882), (-1.1818, 2.6882), (-1.1818, 2.5782), (-0.2686, 2.5782), (-0.2686, 2.6882), (-0.2000, 2.6882), (-0.2000, 2.5782), (-0.3095, 2.5782), (-0.3095, 2.6882), (-0.3781, 2.6882), (-0.3781, 2.5782), (-1.2262, -0.2686), (-1.1850, -0.2000), (-1.0024, -0.3095), (-1.0435, -0.3781), (-1.2262, -0.2686), (-1.0435, -0.3781), (-1.0024, -0.3095), (-1.1850, -0.2000), (-1.2262, 2.5782), (-1.0435, 2.5782), (-1.0435, 2.6882), (-1.2262, 2.6882), (-1.1850, 2.5782), (-1.1850, 2.6882), (-1.0024, 2.6882), (-1.0024, 2.5782), (-0.3799, 2.5782), (-0.3799, 2.6882), (-0.3076, 2.6882), (-0.3076, 2.5782), (-0.3987, 2.5782), (-0.3987, 2.6882), (-0.4710, 2.6882), (-0.4710, 2.5782), (-1.0400, -0.3799), (-1.0058, -0.3076), (-0.8133, -0.3987), (-0.8475, -0.4710), (-1.0400, -0.3799), (-0.8475, -0.4710), (-0.8133, -0.3987), (-1.0058, -0.3076), (-1.0400, 2.5782), (-0.8475, 2.5782), (-0.8475, 2.6882), (-1.0400, 2.6882), (-1.0058, 2.5782), (-1.0058, 2.6882), (-0.8133, 2.6882), (-0.8133, 2.5782), (-0.4725, 2.5782), (-0.4725, 2.6882), (-0.3972, 2.6882), (-0.3972, 2.5782), (-0.4689, 2.5782), (-0.4689, 2.6882), (-0.5442, 2.6882), (-0.5442, 2.5782), (-0.8439, -0.4725), (-0.8169, -0.3972), (-0.6164, -0.4689), (-0.6434, -0.5442), (-0.8439, -0.4725), (-0.6434, -0.5442), (-0.6164, -0.4689), (-0.8169, -0.3972), (-0.8439, 2.5782), (-0.6434, 2.5782), (-0.6434, 2.6882), (-0.8439, 2.6882), (-0.8169, 2.5782), (-0.8169, 2.6882), (-0.6164, 2.6882), (-0.6164, 2.5782), (-0.5454, 2.5782), (-0.5454, 2.6882), (-0.4678, 2.6882), (-0.4678, 2.5782), (-0.5195, 2.5782), (-0.5195, 2.6882), (-0.5971, 2.6882), (-0.5971, 2.5782), (-0.6396, -0.5454), (-0.6202, -0.4678), (-0.4136, -0.5195), (-0.4331, -0.5971), (-0.6396, -0.5454), (-0.4331, -0.5971), (-0.4136, -0.5195), (-0.6202, -0.4678), (-0.6396, 2.5782), (-0.4331, 2.5782), (-0.4331, 2.6882), (-0.6396, 2.6882), (-0.6202, 2.5782), (-0.6202, 2.6882), (-0.4136, 2.6882), (-0.4136, 2.5782), (-0.5979, 2.5782), (-0.5979, 2.6882), (-0.5187, 2.6882), (-0.5187, 2.5782), (-0.5500, 2.5782), (-0.5500, 2.6882), (-0.6291, 2.6882), (-0.6291, 2.5782), (-0.4292, -0.5979), (-0.4175, -0.5187), (-0.2068, -0.5500), (-0.2186, -0.6291), (-0.4292, -0.5979), (-0.2186, -0.6291), (-0.2068, -0.5500), (-0.4175, -0.5187), (-0.4292, 2.5782), (-0.2186, 2.5782), (-0.2186, 2.6882), (-0.4292, 2.6882), (-0.4175, 2.5782), (-0.4175, 2.6882), (-0.2068, 2.6882), (-0.2068, 2.5782), (-0.6295, 2.5782), (-0.6295, 2.6882), (-0.5496, 2.6882), (-0.5496, 2.5782), (-0.5600, 2.5782), (-0.5600, 2.6882), (-0.6400, 2.6882), (-0.6400, 2.5782), (-0.2147, -0.6295), (-0.2107, -0.5496), (0.0020, -0.5600), (-0.0020, -0.6400), (-0.2147, -0.6295), (-0.0020, -0.6400), (0.0020, -0.5600), (-0.2107, -0.5496), (-0.2147, 2.5782), (-0.0020, 2.5782), (-0.0020, 2.6882), (-0.2147, 2.6882), (-0.2107, 2.5782), (-0.2107, 2.6882), (0.0020, 2.6882), (0.0020, 2.5782), (-0.0650, 1.5050), (0.0650, 1.5050), (0.0650, 1.6350), (-0.0650, 1.6350), (-0.0650, 1.6350), (0.0650, 1.6350), (0.0650, 1.5050), (-0.0650, 1.5050), (1.5050, 4.8932), (1.6350, 4.8932), (1.6350, 4.5182), (1.5050, 4.5182), (1.5050, 4.8932), (1.5050, 4.5182), (1.6350, 4.5182), (1.6350, 4.8932), (-0.0650, 4.8932), (-0.0650, 4.5182), (0.0650, 4.5182), (0.0650, 4.8932), (-0.0650, 4.8932), (0.0650, 4.8932), (0.0650, 4.5182), (-0.0650, 4.5182)] (
            interpolation = "vertex"
        )
        color3f[] primvars:displayColor = [(0.3, 0.24, 0.18)]
        rel material:binding = </TowerShell/RoofTrimMat>
        uniform token subdivisionScheme = "none"
    }
    def Material "DeskBlockMat"
    {
        token outputs:surface.connect = </TowerShell/DeskBlockMat/Surface.outputs:surface>
        def Shader "Surface"
        {
            uniform token info:id = "UsdPreviewSurface"
            color3f inputs:diffuseColor = (0.32, 0.22, 0.14)
            color3f inputs:emissiveColor = (0.0320, 0.0220, 0.0140)
            float inputs:metallic = 0
            float inputs:roughness = 0.9
            token outputs:surface
        }
    }
    def Mesh "DeskBlock"
    {
        uniform bool doubleSided = 1
        float3[] extent = [(-0.9150, 0.0000, -1.2100), (0.9150, 0.7500, -0.3000)]
        int[] faceVertexCounts = [4, 4, 4, 4, 4, 4]
        int[] faceVertexIndices = [0, 1, 2, 3, 4, 5, 6, 7, 8, 9, 10, 11, 12, 13, 14, 15, 16, 17, 18, 19, 20, 21, 22, 23]
        point3f[] points = [(-0.9150, 0.0000, -1.2100), (0.9150, 0.0000, -1.2100), (0.9150, 0.0000, -0.3000), (-0.9150, 0.0000, -0.3000), (-0.9150, 0.7500, -1.2100), (-0.9150, 0.7500, -0.3000), (0.9150, 0.7500, -0.3000), (0.9150, 0.7500, -1.2100), (-0.9150, 0.0000, -1.2100), (-0.9150, 0.7500, -1.2100), (0.9150, 0.7500, -1.2100), (0.9150, 0.0000, -1.2100), (-0.9150, 0.0000, -0.3000), (0.9150, 0.0000, -0.3000), (0.9150, 0.7500, -0.3000), (-0.9150, 0.7500, -0.3000), (-0.9150, 0.0000, -1.2100), (-0.9150, 0.0000, -0.3000), (-0.9150, 0.7500, -0.3000), (-0.9150, 0.7500, -1.2100), (0.9150, 0.0000, -1.2100), (0.9150, 0.7500, -1.2100), (0.9150, 0.7500, -0.3000), (0.9150, 0.0000, -0.3000)]
        normal3f[] normals = [(0.0000, -1.0000, 0.0000), (0.0000, -1.0000, 0.0000), (0.0000, -1.0000, 0.0000), (0.0000, -1.0000, 0.0000), (0.0000, 1.0000, 0.0000), (0.0000, 1.0000, 0.0000), (0.0000, 1.0000, 0.0000), (0.0000, 1.0000, 0.0000), (0.0000, 0.0000, -1.0000), (0.0000, 0.0000, -1.0000), (0.0000, 0.0000, -1.0000), (0.0000, 0.0000, -1.0000), (0.0000, 0.0000, 1.0000), (0.0000, 0.0000, 1.0000), (0.0000, 0.0000, 1.0000), (0.0000, 0.0000, 1.0000), (-1.0000, 0.0000, 0.0000), (-1.0000, 0.0000, 0.0000), (-1.0000, 0.0000, 0.0000), (-1.0000, 0.0000, 0.0000), (1.0000, 0.0000, 0.0000), (1.0000, 0.0000, 0.0000), (1.0000, 0.0000, 0.0000), (1.0000, 0.0000, 0.0000)] (interpolation = "vertex")
        texCoord2f[] primvars:st = [(-0.4575, -0.6050), (0.4575, -0.6050), (0.4575, -0.1500), (-0.4575, -0.1500), (-0.4575, -0.6050), (-0.4575, -0.1500), (0.4575, -0.1500), (0.4575, -0.6050), (-0.4575, 0.0000), (-0.4575, 0.3750), (0.4575, 0.3750), (0.4575, 0.0000), (-0.4575, 0.0000), (0.4575, 0.0000), (0.4575, 0.3750), (-0.4575, 0.3750), (-0.6050, 0.0000), (-0.1500, 0.0000), (-0.1500, 0.3750), (-0.6050, 0.3750), (-0.6050, 0.0000), (-0.6050, 0.3750), (-0.1500, 0.3750), (-0.1500, 0.0000)] (
            interpolation = "vertex"
        )
        color3f[] primvars:displayColor = [(0.32, 0.22, 0.14)]
        rel material:binding = </TowerShell/DeskBlockMat>
        uniform token subdivisionScheme = "none"
    }
    def Material "FireplaceMarkerMat"
    {
        token outputs:surface.connect = </TowerShell/FireplaceMarkerMat/Surface.outputs:surface>
        def Shader "Surface"
        {
            uniform token info:id = "UsdPreviewSurface"
            color3f inputs:diffuseColor = (0.55, 0.25, 0.15)
            color3f inputs:emissiveColor = (0.0550, 0.0250, 0.0150)
            float inputs:metallic = 0
            float inputs:roughness = 0.9
            token outputs:surface
        }
    }
    def Mesh "FireplaceMarker"
    {
        uniform bool doubleSided = 1
        float3[] extent = [(-4.0404, 0.0000, 0.5310), (-2.8404, 1.4000, 0.9310)]
        int[] faceVertexCounts = [4, 4, 4, 4, 4, 4]
        int[] faceVertexIndices = [0, 1, 2, 3, 4, 5, 6, 7, 8, 9, 10, 11, 12, 13, 14, 15, 16, 17, 18, 19, 20, 21, 22, 23]
        point3f[] points = [(-4.0404, 0.0000, 0.5310), (-2.8404, 0.0000, 0.5310), (-2.8404, 0.0000, 0.9310), (-4.0404, 0.0000, 0.9310), (-4.0404, 1.4000, 0.5310), (-4.0404, 1.4000, 0.9310), (-2.8404, 1.4000, 0.9310), (-2.8404, 1.4000, 0.5310), (-4.0404, 0.0000, 0.5310), (-4.0404, 1.4000, 0.5310), (-2.8404, 1.4000, 0.5310), (-2.8404, 0.0000, 0.5310), (-4.0404, 0.0000, 0.9310), (-2.8404, 0.0000, 0.9310), (-2.8404, 1.4000, 0.9310), (-4.0404, 1.4000, 0.9310), (-4.0404, 0.0000, 0.5310), (-4.0404, 0.0000, 0.9310), (-4.0404, 1.4000, 0.9310), (-4.0404, 1.4000, 0.5310), (-2.8404, 0.0000, 0.5310), (-2.8404, 1.4000, 0.5310), (-2.8404, 1.4000, 0.9310), (-2.8404, 0.0000, 0.9310)]
        normal3f[] normals = [(0.0000, -1.0000, 0.0000), (0.0000, -1.0000, 0.0000), (0.0000, -1.0000, 0.0000), (0.0000, -1.0000, 0.0000), (0.0000, 1.0000, 0.0000), (0.0000, 1.0000, 0.0000), (0.0000, 1.0000, 0.0000), (0.0000, 1.0000, 0.0000), (0.0000, 0.0000, -1.0000), (0.0000, 0.0000, -1.0000), (0.0000, 0.0000, -1.0000), (0.0000, 0.0000, -1.0000), (0.0000, 0.0000, 1.0000), (0.0000, 0.0000, 1.0000), (0.0000, 0.0000, 1.0000), (0.0000, 0.0000, 1.0000), (-1.0000, 0.0000, 0.0000), (-1.0000, 0.0000, 0.0000), (-1.0000, 0.0000, 0.0000), (-1.0000, 0.0000, 0.0000), (1.0000, 0.0000, 0.0000), (1.0000, 0.0000, 0.0000), (1.0000, 0.0000, 0.0000), (1.0000, 0.0000, 0.0000)] (interpolation = "vertex")
        texCoord2f[] primvars:st = [(-2.0202, 0.2655), (-1.4202, 0.2655), (-1.4202, 0.4655), (-2.0202, 0.4655), (-2.0202, 0.2655), (-2.0202, 0.4655), (-1.4202, 0.4655), (-1.4202, 0.2655), (-2.0202, 0.0000), (-2.0202, 0.7000), (-1.4202, 0.7000), (-1.4202, 0.0000), (-2.0202, 0.0000), (-1.4202, 0.0000), (-1.4202, 0.7000), (-2.0202, 0.7000), (0.2655, 0.0000), (0.4655, 0.0000), (0.4655, 0.7000), (0.2655, 0.7000), (0.2655, 0.0000), (0.2655, 0.7000), (0.4655, 0.7000), (0.4655, 0.0000)] (
            interpolation = "vertex"
        )
        color3f[] primvars:displayColor = [(0.55, 0.25, 0.15)]
        rel material:binding = </TowerShell/FireplaceMarkerMat>
        uniform token subdivisionScheme = "none"
    }
    def Material "HumanReference_1m7Mat"
    {
        token outputs:surface.connect = </TowerShell/HumanReference_1m7Mat/Surface.outputs:surface>
        def Shader "Surface"
        {
            uniform token info:id = "UsdPreviewSurface"
            color3f inputs:diffuseColor = (0.85, 0.35, 0.35)
            color3f inputs:emissiveColor = (0.0850, 0.0350, 0.0350)
            float inputs:metallic = 0
            float inputs:roughness = 0.9
            token outputs:surface
        }
    }
    def Mesh "HumanReference_1m7"
    {
        uniform bool doubleSided = 1
        float3[] extent = [(-0.2250, 0.0000, 1.6750), (0.2250, 1.7000, 1.9250)]
        int[] faceVertexCounts = [4, 4, 4, 4, 4, 4]
        int[] faceVertexIndices = [0, 1, 2, 3, 4, 5, 6, 7, 8, 9, 10, 11, 12, 13, 14, 15, 16, 17, 18, 19, 20, 21, 22, 23]
        point3f[] points = [(-0.2250, 0.0000, 1.6750), (0.2250, 0.0000, 1.6750), (0.2250, 0.0000, 1.9250), (-0.2250, 0.0000, 1.9250), (-0.2250, 1.7000, 1.6750), (-0.2250, 1.7000, 1.9250), (0.2250, 1.7000, 1.9250), (0.2250, 1.7000, 1.6750), (-0.2250, 0.0000, 1.6750), (-0.2250, 1.7000, 1.6750), (0.2250, 1.7000, 1.6750), (0.2250, 0.0000, 1.6750), (-0.2250, 0.0000, 1.9250), (0.2250, 0.0000, 1.9250), (0.2250, 1.7000, 1.9250), (-0.2250, 1.7000, 1.9250), (-0.2250, 0.0000, 1.6750), (-0.2250, 0.0000, 1.9250), (-0.2250, 1.7000, 1.9250), (-0.2250, 1.7000, 1.6750), (0.2250, 0.0000, 1.6750), (0.2250, 1.7000, 1.6750), (0.2250, 1.7000, 1.9250), (0.2250, 0.0000, 1.9250)]
        normal3f[] normals = [(0.0000, -1.0000, 0.0000), (0.0000, -1.0000, 0.0000), (0.0000, -1.0000, 0.0000), (0.0000, -1.0000, 0.0000), (0.0000, 1.0000, 0.0000), (0.0000, 1.0000, 0.0000), (0.0000, 1.0000, 0.0000), (0.0000, 1.0000, 0.0000), (0.0000, 0.0000, -1.0000), (0.0000, 0.0000, -1.0000), (0.0000, 0.0000, -1.0000), (0.0000, 0.0000, -1.0000), (0.0000, 0.0000, 1.0000), (0.0000, 0.0000, 1.0000), (0.0000, 0.0000, 1.0000), (0.0000, 0.0000, 1.0000), (-1.0000, 0.0000, 0.0000), (-1.0000, 0.0000, 0.0000), (-1.0000, 0.0000, 0.0000), (-1.0000, 0.0000, 0.0000), (1.0000, 0.0000, 0.0000), (1.0000, 0.0000, 0.0000), (1.0000, 0.0000, 0.0000), (1.0000, 0.0000, 0.0000)] (interpolation = "vertex")
        texCoord2f[] primvars:st = [(-0.1125, 0.8375), (0.1125, 0.8375), (0.1125, 0.9625), (-0.1125, 0.9625), (-0.1125, 0.8375), (-0.1125, 0.9625), (0.1125, 0.9625), (0.1125, 0.8375), (-0.1125, 0.0000), (-0.1125, 0.8500), (0.1125, 0.8500), (0.1125, 0.0000), (-0.1125, 0.0000), (0.1125, 0.0000), (0.1125, 0.8500), (-0.1125, 0.8500), (0.8375, 0.0000), (0.9625, 0.0000), (0.9625, 0.8500), (0.8375, 0.8500), (0.8375, 0.0000), (0.8375, 0.8500), (0.9625, 0.8500), (0.9625, 0.0000)] (
            interpolation = "vertex"
        )
        color3f[] primvars:displayColor = [(0.85, 0.35, 0.35)]
        rel material:binding = </TowerShell/HumanReference_1m7Mat>
        uniform token subdivisionScheme = "none"
    }
    def Material "WalkableEnvelopeMat"
    {
        token outputs:surface.connect = </TowerShell/WalkableEnvelopeMat/Surface.outputs:surface>
        def Shader "Surface"
        {
            uniform token info:id = "UsdPreviewSurface"
            color3f inputs:diffuseColor = (0.25, 0.55, 0.35)
            color3f inputs:emissiveColor = (0.0250, 0.0550, 0.0350)
            float inputs:metallic = 0
            float inputs:roughness = 0.9
            token outputs:surface
        }
    }
    def Mesh "WalkableEnvelope"
    {
        uniform bool doubleSided = 1
        float3[] extent = [(-1.3500, 0.0000, 0.3500), (1.3500, 0.0100, 3.3500)]
        int[] faceVertexCounts = [4, 4, 4, 4, 4, 4]
        int[] faceVertexIndices = [0, 1, 2, 3, 4, 5, 6, 7, 8, 9, 10, 11, 12, 13, 14, 15, 16, 17, 18, 19, 20, 21, 22, 23]
        point3f[] points = [(-1.3500, 0.0000, 0.3500), (1.3500, 0.0000, 0.3500), (1.3500, 0.0000, 3.3500), (-1.3500, 0.0000, 3.3500), (-1.3500, 0.0100, 0.3500), (-1.3500, 0.0100, 3.3500), (1.3500, 0.0100, 3.3500), (1.3500, 0.0100, 0.3500), (-1.3500, 0.0000, 0.3500), (-1.3500, 0.0100, 0.3500), (1.3500, 0.0100, 0.3500), (1.3500, 0.0000, 0.3500), (-1.3500, 0.0000, 3.3500), (1.3500, 0.0000, 3.3500), (1.3500, 0.0100, 3.3500), (-1.3500, 0.0100, 3.3500), (-1.3500, 0.0000, 0.3500), (-1.3500, 0.0000, 3.3500), (-1.3500, 0.0100, 3.3500), (-1.3500, 0.0100, 0.3500), (1.3500, 0.0000, 0.3500), (1.3500, 0.0100, 0.3500), (1.3500, 0.0100, 3.3500), (1.3500, 0.0000, 3.3500)]
        normal3f[] normals = [(0.0000, -1.0000, 0.0000), (0.0000, -1.0000, 0.0000), (0.0000, -1.0000, 0.0000), (0.0000, -1.0000, 0.0000), (0.0000, 1.0000, 0.0000), (0.0000, 1.0000, 0.0000), (0.0000, 1.0000, 0.0000), (0.0000, 1.0000, 0.0000), (0.0000, 0.0000, -1.0000), (0.0000, 0.0000, -1.0000), (0.0000, 0.0000, -1.0000), (0.0000, 0.0000, -1.0000), (0.0000, 0.0000, 1.0000), (0.0000, 0.0000, 1.0000), (0.0000, 0.0000, 1.0000), (0.0000, 0.0000, 1.0000), (-1.0000, 0.0000, 0.0000), (-1.0000, 0.0000, 0.0000), (-1.0000, 0.0000, 0.0000), (-1.0000, 0.0000, 0.0000), (1.0000, 0.0000, 0.0000), (1.0000, 0.0000, 0.0000), (1.0000, 0.0000, 0.0000), (1.0000, 0.0000, 0.0000)] (interpolation = "vertex")
        texCoord2f[] primvars:st = [(-0.6750, 0.1750), (0.6750, 0.1750), (0.6750, 1.6750), (-0.6750, 1.6750), (-0.6750, 0.1750), (-0.6750, 1.6750), (0.6750, 1.6750), (0.6750, 0.1750), (-0.6750, 0.0000), (-0.6750, 0.0050), (0.6750, 0.0050), (0.6750, 0.0000), (-0.6750, 0.0000), (0.6750, 0.0000), (0.6750, 0.0050), (-0.6750, 0.0050), (0.1750, 0.0000), (1.6750, 0.0000), (1.6750, 0.0050), (0.1750, 0.0050), (0.1750, 0.0000), (0.1750, 0.0050), (1.6750, 0.0050), (1.6750, 0.0000)] (
            interpolation = "vertex"
        )
        color3f[] primvars:displayColor = [(0.25, 0.55, 0.35)]
        rel material:binding = </TowerShell/WalkableEnvelopeMat>
        uniform token subdivisionScheme = "none"
    }
}
